-- phpMyAdmin SQL Dump
-- version 4.7.9
-- https://www.phpmyadmin.net/
--
-- Host: 127.0.0.1:3306
-- Generation Time: Aug 23, 2019 at 09:23 AM
-- Server version: 5.7.21
-- PHP Version: 7.2.4

SET SQL_MODE = "NO_AUTO_VALUE_ON_ZERO";
SET AUTOCOMMIT = 0;
START TRANSACTION;
SET time_zone = "+00:00";


/*!40101 SET @OLD_CHARACTER_SET_CLIENT=@@CHARACTER_SET_CLIENT */;
/*!40101 SET @OLD_CHARACTER_SET_RESULTS=@@CHARACTER_SET_RESULTS */;
/*!40101 SET @OLD_COLLATION_CONNECTION=@@COLLATION_CONNECTION */;
/*!40101 SET NAMES utf8mb4 */;

--
-- Database: `2019vc2gb`
--

-- --------------------------------------------------------

--
-- Table structure for table `answers`
--

DROP TABLE IF EXISTS `answers`;
CREATE TABLE IF NOT EXISTS `answers` (
  `id` int(10) UNSIGNED NOT NULL AUTO_INCREMENT,
  `label` text COLLATE utf8mb4_unicode_ci NOT NULL,
  `answer` text COLLATE utf8mb4_unicode_ci NOT NULL,
  `score` int(11) NOT NULL,
  `Question_id` int(10) UNSIGNED NOT NULL,
  `created_at` timestamp NULL DEFAULT NULL,
  `updated_at` timestamp NULL DEFAULT NULL,
  PRIMARY KEY (`id`),
  KEY `answers_question_id_foreign` (`Question_id`)
) ENGINE=InnoDB AUTO_INCREMENT=283 DEFAULT CHARSET=utf8mb4 COLLATE=utf8mb4_unicode_ci;

--
-- Dumping data for table `answers`
--

INSERT INTO `answers` (`id`, `label`, `answer`, `score`, `Question_id`, `created_at`, `updated_at`) VALUES
(1, 'A', 'Candidate has applied for others scholarship more than 3 places', 3, 1, NULL, NULL),
(2, 'B', 'Candidate has applied for others scholarship more than 2 places', 3, 1, NULL, NULL),
(3, 'C', 'Candidate has applied for others scholarship more than 1 place', 3, 1, NULL, NULL),
(4, 'D', 'No answer', 3, 1, NULL, NULL),
(5, 'A', 'Parents will assist a candidate to continue the studies at university', 4, 2, NULL, NULL),
(6, 'B', 'Parents will be hesitated to assist a candidate to continue the studies at university', 4, 2, '2019-04-22 20:00:00', '2019-04-24 20:00:00'),
(7, 'C', 'Parents will be no possibilities to assist a candidate to continue the studies at university', 4, 2, '2019-04-14 20:00:00', '2019-04-10 20:00:00'),
(8, 'D', 'No answer', 4, 2, '2019-03-31 20:00:00', '2019-04-09 20:00:00'),
(9, 'A', 'PNC is candidate\'s optional', 4, 3, '2019-04-21 20:00:00', '2019-04-23 20:00:00'),
(10, 'B', 'PNC is candidate\'s second choice', 4, 3, '2019-04-24 20:00:00', '2019-04-25 20:00:00'),
(11, 'C', 'PNC is candidate\'s first choice', 4, 3, '2019-04-26 20:00:00', '2019-04-27 20:00:00'),
(12, 'D', 'No answer', 4, 3, '2019-03-30 20:00:00', '2019-04-01 20:00:00'),
(13, 'A', 'Candidate has very serious handicap and unhealthy', 3, 4, '2019-04-22 20:00:00', '2019-04-24 20:00:00'),
(14, 'B', 'Candidate has no serious health issues such as headache, dizzy', 3, 4, '2019-03-31 20:00:00', '2019-04-01 20:00:00'),
(15, 'C', 'Candidate is healthy ', 3, 4, '2019-03-31 20:00:00', '2019-04-02 20:00:00'),
(16, 'D', 'No answer', 3, 4, '2019-04-06 20:00:00', '2019-04-07 20:00:00'),
(17, 'A', 'Candidate has very bad GPA and lowest rank in high school', 3, 5, '2019-04-28 20:00:00', '2019-04-28 20:00:00'),
(18, 'B', 'Candidate has average GPA and rank around middle of the class', 3, 5, '2019-04-14 20:00:00', '2019-04-15 20:00:00'),
(19, 'C', 'Candidate has very good GPA and is able to cath up all the lessions', 3, 5, '2019-04-15 20:00:00', '2019-04-17 20:00:00'),
(20, 'D', 'No answer', 3, 5, '2019-04-18 20:00:00', '2019-04-19 20:00:00'),
(21, 'A', 'Candidate has never attended any extra curriculars like short courses or playing sports', 3, 6, '2019-04-20 20:00:00', '2019-04-21 20:00:00'),
(22, 'B', 'Candidate has sometimes attended some extra curriculars like short courses or playing sports', 3, 6, '2019-04-22 20:00:00', '2019-04-23 20:00:00'),
(23, 'C', 'Candidate has attended very often of some extra curriculars like short courses or playing sports', 3, 6, '2019-04-22 20:00:00', '2019-04-24 20:00:00'),
(24, 'D', 'No answer', 3, 6, '2019-04-02 20:00:00', '2019-04-03 20:00:00'),
(25, 'A', 'Parents\' age is between 30 - 45 years old.', 3, 7, '2019-04-23 20:00:00', '2019-04-24 20:00:00'),
(26, 'B', 'Parents\' age is between 45 - 55 years old.', 3, 7, '2019-04-13 20:00:00', '2019-04-15 20:00:00'),
(29, 'C', 'Parents\' age is between 55 - above years old.', 3, 7, '2019-04-21 20:00:00', '2019-04-23 20:00:00'),
(30, 'D', 'No answer', 3, 7, '2019-04-14 20:00:00', '2019-04-16 20:00:00'),
(31, 'A', 'Parents\'s situation is in living - in together status.', 3, 8, '2019-04-28 20:00:00', '2019-04-28 20:00:00'),
(32, 'B', 'Parents\'s situation is either father or mother died of left.', 3, 8, '2019-04-15 20:00:00', '2019-04-17 20:00:00'),
(33, 'C', 'Parents\'s situation is either both parents died, both parents left or either father or mother is in jail.', 3, 8, '2019-04-20 20:00:00', '2019-04-22 20:00:00'),
(34, 'D', 'No answer', 3, 8, '2019-04-18 20:00:00', '2019-04-25 20:00:00'),
(35, 'A', 'Parents are both away and/or sickly.', 3, 9, '2019-04-15 20:00:00', '2019-04-16 20:00:00'),
(36, 'B', 'Either of the parents is a stepfather/stepmother and/or orphanage.', 3, 9, '2019-04-08 20:00:00', '2019-04-09 20:00:00'),
(37, 'C', 'Parents are abusive and/or the applicant is abused by someone else.', 3, 9, '2019-04-23 20:00:00', '2019-04-25 20:00:00'),
(38, 'D', 'No answer', 3, 9, '2019-04-25 20:00:00', '2019-04-22 20:00:00'),
(39, 'A', 'Parents have regular job', 4, 10, '2019-04-24 20:00:00', '2019-04-25 20:00:00'),
(40, 'B', 'Parent has irregular job', 4, 10, '2019-04-14 20:00:00', '2019-04-15 20:00:00'),
(41, 'C', 'Parents are unemployed', 4, 10, '2019-04-23 20:00:00', '2019-04-25 20:00:00'),
(42, 'D', 'No answer', 4, 10, '2019-03-31 20:00:00', '2019-04-02 20:00:00'),
(43, 'A', 'Parents are teachers they can earn up to 600 $ - 800 $ per month', 4, 11, '2019-04-24 20:00:00', '2019-04-25 20:00:00'),
(44, 'B', 'Parent is a teacher he /she can earn 300 $ - 400 $ per month', 4, 11, '2019-04-01 20:00:00', '2019-04-03 20:00:00'),
(45, 'C', 'Parent is a teacher he /she can earn 200 $ - 250 $ per month', 4, 11, '2019-04-23 20:00:00', '2019-04-25 20:00:00'),
(46, 'D', 'No answer', 4, 11, '2019-04-16 20:00:00', '2019-04-25 20:00:00'),
(47, 'A', 'Parents are policemen and policewoman / Soldiers/ Militaries police can earn from 600 $ - 1000 $ per month', 4, 12, '2019-03-30 20:00:00', '2019-03-31 20:00:00'),
(48, 'B', 'Parent is a policeman Or policewoman / Soldier/ Military police can earn from 200 $ - 300 $ per month', 4, 12, '2019-04-22 20:00:00', '2019-04-24 20:00:00'),
(49, 'C', 'Parent is a night guard can earn from 20 $ - 50 $ per month', 4, 12, '2019-04-22 20:00:00', '2019-04-24 20:00:00'),
(50, 'D', 'No answer', 4, 12, '2019-04-01 20:00:00', '2019-04-24 20:00:00'),
(51, 'A', 'Parents are civil servant can earn from 600$ - 800 $ per month ( Nurse , Medecine , Doctor )', 4, 13, '2019-04-22 20:00:00', '2019-04-24 20:00:00'),
(52, 'B', 'Parent is a civil servant 300 $ - 400 $ per month ( Nurse , Medecine , Doctor )', 4, 13, '2019-04-21 20:00:00', '2019-04-08 20:00:00'),
(53, 'C', 'Parent is a civil servant can earn from 200 $ - 250 $ per month ( Nurse , Medecine , Doctor )', 4, 13, '2019-04-23 20:00:00', '2019-04-24 20:00:00'),
(54, 'D', 'No answer', 4, 13, '2019-04-24 20:00:00', '2019-04-25 20:00:00'),
(55, 'A', 'Parents are workers with contract can earn from 340$ - 400 $ per month', 3, 14, '2019-04-15 20:00:00', '2019-04-22 20:00:00'),
(56, 'B', 'Parent is worker with contract can earn from 170 $ - 200 $ per month', 3, 14, '2019-04-23 20:00:00', '2019-04-25 20:00:00'),
(57, 'C', 'Parent is worker without contract can earn from 5$ - 10 $ per day / 250$ -500 $ for season', 3, 14, '2019-04-07 20:00:00', '2019-04-08 20:00:00'),
(58, 'D', 'No answer', 3, 14, '2019-04-28 20:00:00', '2019-04-28 20:00:00'),
(59, 'A', 'Parents are farmers who own plantation and rice field from 5 hectares - 10 hectares', 4, 15, '2019-04-08 20:00:00', '2019-04-09 20:00:00'),
(60, 'B', 'Parents are farmers who own plantation and rice field from 2 hectares - 5 hectares', 4, 15, '2019-04-24 20:00:00', '2019-04-25 20:00:00'),
(61, 'C', 'Parents are farmers who own plantation and rice field from 1000 meters square - 1 hectares / 0 = +', 4, 15, '2019-04-02 20:00:00', '2019-04-03 20:00:00'),
(62, 'D', 'No answer', 4, 15, '2019-04-21 20:00:00', '2019-04-24 20:00:00'),
(63, 'A', 'Parents are regular fishermen can earn from 500 $ - 1000 $ per month', 3, 16, '2019-04-21 20:00:00', '2019-04-23 20:00:00'),
(64, 'B', 'Parent is an irregular fisherman can earn from 100 $ - 500 $ per month', 3, 16, '2019-03-30 20:00:00', '2019-03-31 20:00:00'),
(65, 'C', 'Parent is an irregular fisherman can earn from 50 $ - 100 $ per month', 3, 16, '2019-04-22 20:00:00', '2019-04-18 20:00:00'),
(66, 'D', 'No answer', 3, 16, '2019-04-22 20:00:00', '2019-04-24 20:00:00'),
(71, 'A', 'Parent is a transportation service provider by using car can earn from 20 $ - 40 $ per day', 3, 17, '2019-04-21 20:00:00', '2019-04-23 20:00:00'),
(72, 'B', 'Parent is a transportation service provider by using motorbike can earn from 2.5 $ - 5 $ per day', 3, 17, '2019-03-30 20:00:00', '2019-04-01 20:00:00'),
(73, 'C', 'Parent is a transportation service provider by using others can earn from 1 $ - 3 per day', 3, 17, '2019-04-21 20:00:00', '2019-04-22 20:00:00'),
(74, 'D', 'NO answer', 3, 17, '2019-04-22 20:00:00', '2019-04-23 20:00:00'),
(75, 'A', 'Parents\' educational attainment is high school graduate and/or university graduate.', 2, 18, '2019-04-21 20:00:00', '2019-04-22 20:00:00'),
(76, 'B', 'Parents\' educational attainment is elementary school level.', 2, 18, '2019-04-22 20:00:00', '2019-04-24 20:00:00'),
(77, 'C', 'Parents\' educational attainment is primary school level Or Illiterate', 2, 18, '2019-04-12 20:00:00', '2019-04-14 20:00:00'),
(78, 'D', 'No answer', 2, 18, '2019-04-26 20:00:00', '2019-04-28 20:00:00'),
(79, 'A', 'Parental vice/s and misbehavior is either smoking or drinking. (Drinking: more than 3x/ week, Smoking: more than 1 pack/week)', 2, 19, '2019-04-13 20:00:00', '2019-04-15 20:00:00'),
(80, 'B', 'Parental vice/s and misbehavior is gambling.', 2, 19, '2019-04-19 20:00:00', '2019-04-20 20:00:00'),
(81, 'C', 'Parental vice/s and misbehavior are extra - relational affairs, battering/any form of abuse and drug addiction.', 2, 19, '2019-03-30 20:00:00', '2019-03-31 20:00:00'),
(82, 'D', 'NO answer', 2, 19, '2019-04-05 20:00:00', '2019-04-06 20:00:00'),
(83, 'A', 'Household members are between 1 – 3', 5, 20, '2019-04-05 20:00:00', '2019-04-06 20:00:00'),
(84, 'B', 'Household members are between 3 – 5', 5, 20, '2019-04-19 20:00:00', '2019-04-13 20:00:00'),
(85, 'C', 'Household members are between 5 – 10', 5, 20, '2019-04-19 20:00:00', '2019-04-20 20:00:00'),
(86, 'D', 'No answer', 5, 20, '2019-04-12 20:00:00', '2019-04-13 20:00:00'),
(87, 'A', 'Strongly supported by an NGO', 4, 21, '2019-04-20 20:00:00', '2019-04-19 20:00:00'),
(88, 'B', 'Moderately supported by an NGO', 4, 21, '2019-04-26 20:00:00', '2019-04-28 20:00:00'),
(89, 'C', 'No support by any NGO', 4, 21, '2019-04-20 20:00:00', '2019-04-21 20:00:00'),
(90, 'D', 'No answer', 4, 21, '2019-04-05 20:00:00', '2019-04-13 20:00:00'),
(91, 'A', 'Number of dead children is 0.', 1, 22, '2019-04-26 20:00:00', '2019-04-28 20:00:00'),
(92, 'B', 'Number of dead children is 1.', 1, 22, '2019-04-12 20:00:00', '2019-04-15 20:00:00'),
(93, 'C', 'Number of dead children is 2 - 3.', 1, 22, '2019-04-12 20:00:00', '2019-04-16 20:00:00'),
(94, 'D', 'No answer', 1, 22, '2019-03-30 20:00:00', '2019-03-31 20:00:00'),
(95, 'A', 'Reasons of death of children is either still birth or abortion.', 1, 23, '2019-04-06 20:00:00', '2019-04-07 20:00:00'),
(96, 'B', 'Reasons of death of children includes polio virus, dengue fever or rabies.', 1, 23, '2019-04-13 20:00:00', '2019-04-14 20:00:00'),
(97, 'C', 'Reasons of death of children includes accidents and murder.', 1, 23, '2019-03-30 20:00:00', '2019-03-31 20:00:00'),
(98, 'D', 'No answer', 1, 23, '2019-04-05 20:00:00', '2019-04-06 20:00:00'),
(99, 'A', 'Children have regular job', 4, 24, '2019-03-30 20:00:00', '2019-03-31 20:00:00'),
(100, 'B', 'Children have irregular job', 4, 24, '2019-04-13 20:00:00', '2019-04-14 20:00:00'),
(101, 'C', 'Children are unemployed', 4, 24, '2019-04-21 20:00:00', '2019-04-22 20:00:00'),
(102, 'D', 'No answer', 4, 24, '2019-04-05 20:00:00', '2019-04-06 20:00:00'),
(103, 'A', 'Children are teachers they can earn upto 600 $ - 800 $ per month', 4, 25, '2019-04-21 20:00:00', '2019-04-22 20:00:00'),
(104, 'B', 'Child is a teacher he /she can earn 300 $ - 600 $ per month', 4, 25, '2019-03-30 20:00:00', '2019-03-31 20:00:00'),
(105, 'C', 'Child is a teacher he /she can earn 200 $ - 300 $ per month', 4, 25, '2019-04-19 20:00:00', '2019-04-20 20:00:00'),
(106, 'D', 'No answer', 4, 25, '2019-04-07 20:00:00', '2019-04-08 20:00:00'),
(107, 'A', 'Children are policemen and policewoman / Soldiers/ Militaries police can earn from 600 $ - 1000 $ per month', 4, 26, '2019-04-20 20:00:00', '2019-04-21 20:00:00'),
(108, 'B', 'Child is a policeman Or policewoman / Soldier/ Military police can earn from 200 $ - 300 $ per month', 4, 26, '2019-04-12 20:00:00', '2019-04-13 20:00:00'),
(109, 'C', 'Child is a night guard can earn from 20 $ - 50 $ per month', 4, 26, '2019-04-19 20:00:00', '2019-04-20 20:00:00'),
(110, 'D', 'No answer', 4, 26, '2019-04-06 20:00:00', '2019-04-07 20:00:00'),
(111, 'A', 'Children are civil servant can earn from 600$ - 800 $ per month ( Nurse , Medicine , Doctor )', 4, 27, '2019-04-13 20:00:00', '2019-04-14 20:00:00'),
(112, 'B', 'Child is a civil servant 300 $ - 600 $ per month ( Nurse , Medecine , Doctor )', 4, 27, '2019-03-30 20:00:00', '2019-04-01 20:00:00'),
(113, 'C', 'Child is a civil servant can earn from 200 $ - 300 $ per month ( Nurse , Medicine , Doctor )', 4, 27, '2019-04-20 20:00:00', '2019-04-21 20:00:00'),
(114, 'D', 'No answer', 4, 27, '2019-04-06 20:00:00', '2019-04-08 20:00:00'),
(115, 'A', 'Children are workers with contract can earn from 340$ - 400 $ per month', 3, 28, '2019-03-30 20:00:00', '2019-03-31 20:00:00'),
(116, 'B', 'Child is worker with contract can earn from 170 $ - 340 $ per month', 3, 28, '2019-04-01 20:00:00', '2019-04-02 20:00:00'),
(117, 'C', 'Child is worker without contract can earn from 5$ - 10 $ per day / 250$ -500 $ for season', 3, 28, '2019-04-14 20:00:00', '2019-04-15 20:00:00'),
(118, 'D', 'No answer', 3, 28, '2019-04-07 20:00:00', '2019-04-08 20:00:00'),
(119, 'A', 'Children are regular fishermen can earn from 500 $ - 1000 $ per month', 4, 29, '2019-04-12 20:00:00', '2019-04-13 20:00:00'),
(120, 'B', 'Child is an irregular fisherman can earn from 100 $ - 500 $ per month', 4, 29, '2019-04-14 20:00:00', '2019-04-15 20:00:00'),
(121, 'C', 'Child is an irregular fisherman can earn from 50 $ - 100 $ per month', 4, 29, '2019-04-07 20:00:00', '2019-04-15 20:00:00'),
(122, 'D', 'No answer', 4, 29, '2019-04-01 20:00:00', '2019-04-02 20:00:00'),
(123, 'A', 'Child is a transportation service provider by using car can earn from 20 $ - 40 $ per day', 2, 30, '2019-04-21 20:00:00', '2019-04-22 20:00:00'),
(124, 'B', 'Child is a transportation service provider by using motorbike can earn from 2.5 $ - 5 $ per day', 2, 30, '2019-04-14 20:00:00', '2019-04-15 20:00:00'),
(125, 'C', 'Child is a transportation service provider by using others can earn from 1 $ - 3 per day', 2, 30, '2019-03-31 20:00:00', '2019-03-31 20:00:00'),
(126, 'D', 'No answer', 2, 30, '2019-04-13 20:00:00', '2019-04-22 20:00:00'),
(127, 'A', 'Adult household members have skills and/or certification from higher education and/or other similar institution.', 2, 31, '2019-04-08 20:00:00', '2019-04-09 20:00:00'),
(128, 'B', 'Adult household members have skills and/or at high school levels', 2, 31, '2019-04-06 20:00:00', '2019-04-08 20:00:00'),
(129, 'C', 'Adult household members have no skills and/ or at primary school levels', 2, 31, '2019-04-14 20:00:00', '2019-04-15 20:00:00'),
(130, 'D', 'No answer', 2, 31, '2019-04-21 20:00:00', '2019-04-22 20:00:00'),
(131, 'A', 'Family members of school age are in school during the current school year', 3, 32, '2019-04-05 20:00:00', '2019-04-06 20:00:00'),
(132, 'B', 'Family members of school age are able to go to school but not able to continue the school year.', 3, 32, '2019-04-20 20:00:00', '2019-04-21 20:00:00'),
(133, 'C', 'Family members of school age aren\'t in formal and/or informal school.', 3, 32, '2019-04-13 20:00:00', '2019-04-14 20:00:00'),
(134, 'D', 'No answer', 3, 32, '2019-04-20 20:00:00', '2019-04-21 20:00:00'),
(135, 'A', 'Family members who are 10 year - old and above can read and write.', 3, 33, '2019-04-14 20:00:00', '2019-04-16 20:00:00'),
(136, 'B', 'Family members who are 10 year - old and above can read and write but with difficulty.', 3, 33, '2019-04-19 20:00:00', '2019-04-20 20:00:00'),
(137, 'C', 'Family has a member/s who is/ are above 10 - year old who cannot read or write.', 3, 33, '2019-04-07 20:00:00', '2019-04-07 20:00:00'),
(138, 'D', 'No answer', 3, 33, '2019-04-13 20:00:00', '2019-04-14 20:00:00'),
(139, 'A', 'Household monthly incomes is more than 120$ monthly per person', 5, 34, '2019-04-14 20:00:00', '2019-04-22 20:00:00'),
(140, 'B', 'Household monthly incomes is 60$ - 120$ monthly per person.', 5, 34, '2019-04-21 20:00:00', '2019-04-22 20:00:00'),
(141, 'C', 'Household monthly income is 40$ - 60$ monthly per person.', 5, 34, '2019-04-05 20:00:00', '2019-04-06 20:00:00'),
(142, 'D', 'No answer', 5, 34, '2019-04-15 20:00:00', '2019-04-16 20:00:00'),
(143, 'A', 'Parents are members of private insurance and are paying regularly.', 2, 35, '2019-04-21 20:00:00', '2019-04-22 20:00:00'),
(144, 'B', 'Parents and members do not have health insurances but paying small amount of money', 2, 35, '2019-03-30 20:00:00', '2019-03-31 20:00:00'),
(145, 'C', 'Parents and members have poverty card to access health services', 2, 35, '2019-04-05 20:00:00', '2019-04-06 20:00:00'),
(146, 'D', 'No answer', 2, 35, '2019-04-14 20:00:00', '2019-04-15 20:00:00'),
(147, 'A', 'Household members look generally clean and hygienic.', 2, 38, '2019-04-13 20:00:00', '2019-04-14 20:00:00'),
(148, 'B', 'Household members look a bit clean and hygienic.', 2, 38, '2019-04-06 20:00:00', '2019-04-07 20:00:00'),
(149, 'C', 'Household members look very dirty and unhygienic.', 2, 38, '2019-04-21 20:00:00', '2019-04-22 20:00:00'),
(150, 'D', 'No answer', 2, 38, '2019-04-22 20:00:00', '2019-04-23 20:00:00'),
(151, 'A', 'Household members are not sick generally healthy.', 2, 39, '2019-04-21 20:00:00', '2019-04-22 20:00:00'),
(152, 'B', 'Household members used to have sickness but was managed by the family and relatives.', 2, 39, '2019-04-07 20:00:00', '2019-04-08 20:00:00'),
(153, 'C', 'Household member/s suffers an illness currently or within a year and has severe difficulty managing it.', 2, 39, '2019-04-26 20:00:00', '2019-04-28 20:00:00'),
(154, 'D', 'No answer', 2, 39, '2019-04-13 20:00:00', '2019-04-14 20:00:00'),
(155, 'A', 'Medical problems of any member of the family includes asthma and epilepsy.', 3, 40, '2019-03-30 20:00:00', '2019-03-31 20:00:00'),
(156, 'B', 'Medical problems of any member of the family includes rheuma, arthritis, kidney trouble and heart failure.', 3, 40, '2019-03-30 20:00:00', '2019-04-01 20:00:00'),
(157, 'C', 'Medical problems of any member of the family includes paralysis and cancer.', 3, 40, '2019-04-22 20:00:00', '2019-04-23 20:00:00'),
(158, 'D', 'No answer', 3, 40, '2019-04-20 20:00:00', '2019-04-21 20:00:00'),
(159, 'A', 'Maintains 1 medicine daily.', 2, 41, '2019-04-01 20:00:00', '2019-04-02 20:00:00'),
(160, 'B', 'Maintains 2-3 medicines daily.', 2, 41, '2019-04-21 20:00:00', '2019-04-22 20:00:00'),
(161, 'C', 'Maintains 4-5 medicines daily.', 2, 41, '2019-04-20 20:00:00', '2019-04-21 20:00:00'),
(162, 'D', 'No answer', 2, 41, '2019-04-15 20:00:00', '2019-04-17 20:00:00'),
(163, 'A', 'A member/s of the family is a special child and having small sign of handicap.', 2, 42, '2019-04-19 20:00:00', '2019-04-20 20:00:00'),
(164, 'B', 'A member/s of the family is deaf - mute.', 2, 42, '2019-04-02 20:00:00', '2019-04-03 20:00:00'),
(165, 'C', 'A member/s of the family is amputated in hands or feet.', 2, 42, '2019-04-09 20:00:00', '2019-04-10 20:00:00'),
(166, 'D', 'No answer', 2, 42, '2019-04-07 20:00:00', '2019-04-09 20:00:00'),
(167, 'A', 'Owns the house and lot.', 3, 43, '2019-04-14 20:00:00', '2019-04-15 20:00:00'),
(168, 'B', 'Do not own the house and lot but not renting as well.', 3, 43, '2019-04-14 20:00:00', '2019-04-15 20:00:00'),
(169, 'C', 'Do not own the house and lot and renting or sharing.', 3, 43, '2019-04-21 20:00:00', '2019-04-22 20:00:00'),
(170, 'D', 'No answer', 3, 43, '2019-04-21 20:00:00', '2019-04-22 20:00:00'),
(171, 'A', 'Has very good house condition. Concrete house and luxurous wooden big house', 3, 44, '2019-04-14 20:00:00', '2019-04-15 20:00:00'),
(172, 'B', 'Has fair house condition.', 3, 44, '2019-04-08 20:00:00', '2019-04-09 20:00:00'),
(173, 'C', 'Very depressing house condition.', 3, 44, '2019-03-31 20:00:00', '2019-04-02 20:00:00'),
(174, 'D', 'No answer', 3, 44, '2019-04-21 20:00:00', '2019-04-22 20:00:00'),
(175, 'A', 'Has own concrete toilet.', 3, 45, '2019-03-30 20:00:00', '2019-03-31 20:00:00'),
(176, 'B', 'Has own concrete toilet but shared with relatives and/or neighbors.', 3, 45, '2019-04-01 20:00:00', '2019-04-02 20:00:00'),
(177, 'C', 'Has small wooden Or No toilet alternative is open area only.', 3, 45, '2019-04-07 20:00:00', '2019-04-08 20:00:00'),
(178, 'D', 'No answer', 3, 45, '2019-04-09 20:00:00', '2019-04-10 20:00:00'),
(179, 'A', 'Owns water and electricity supplies.', 3, 46, '2019-04-15 20:00:00', '2019-04-16 20:00:00'),
(180, 'B', 'Do not own water and electricity supplies and is tapping', 3, 46, '2019-04-08 20:00:00', '2019-04-09 20:00:00'),
(181, 'C', 'No water and electricity supply and has to use river/rain/spring water and kerosene/candles for light.', 3, 46, '2019-04-22 20:00:00', '2019-04-23 20:00:00'),
(182, 'D', 'No answer', 3, 46, '2019-04-22 20:00:00', '2019-04-23 20:00:00'),
(183, 'A', 'Family has functioning household appliances, furniture and gadgets or other relevant possessions (transportations, KTV..)', 3, 47, '2019-04-08 20:00:00', '2019-04-09 20:00:00'),
(184, 'B', 'Family has furniture and gadgets, but no functioning appliances', 3, 47, '2019-03-30 20:00:00', '2019-03-31 20:00:00'),
(185, 'C', 'Family has no gadget/household appliances, except for a cellpho', 3, 47, '2019-04-13 20:00:00', '2019-04-21 20:00:00'),
(186, 'D', 'No answer', 3, 47, '2019-04-13 20:00:00', '2019-04-14 20:00:00'),
(187, 'A', 'Family has own 1 car cost from 5000$ - 20000$', 3, 48, '2019-04-13 20:00:00', '2019-04-14 20:00:00'),
(188, 'B', 'Family has own 1 car cost from 2000$ - 3000$', 3, 48, '2019-04-21 20:00:00', '2019-04-22 20:00:00'),
(189, 'C', 'Family has own 1 car cost from 1000$ - 2000$', 3, 48, '2019-04-07 20:00:00', '2019-04-08 20:00:00'),
(190, 'D', 'No answer', 3, 48, '2019-04-07 20:00:00', '2019-04-08 20:00:00'),
(191, 'A', 'Family has own motorbikes more than 2 cost up to 3000$ - 6000$', 3, 49, '2019-04-14 20:00:00', '2019-04-15 20:00:00'),
(192, 'B', 'Family has own 1 motorbike cost up to 1000$ - 3000$', 3, 49, '2019-04-16 20:00:00', '2019-04-17 20:00:00'),
(193, 'C', 'Family has own 1 motorbike cost up to 500$ - 1000$', 3, 49, '2019-04-01 20:00:00', '2019-04-02 20:00:00'),
(194, 'D', 'No answer', 3, 49, '2019-03-31 20:00:00', '2019-04-01 20:00:00'),
(195, 'A', 'Average yield of rice is from 10 tons - 20 tons per year', 4, 50, '2019-03-31 20:00:00', '2019-04-01 20:00:00'),
(196, 'B', 'Average yield of rice is from 4 tons - 8 tons per year', 4, 50, '2019-04-21 20:00:00', '2019-04-22 20:00:00'),
(197, 'C', 'Average yield of rice is from 500 Kg - 3 tons per year', 4, 50, '2019-04-07 20:00:00', '2019-04-08 20:00:00'),
(198, 'D', 'No answer', 4, 50, '2019-04-21 20:00:00', '2019-04-23 20:00:00'),
(199, 'A', 'Family owns fruit / cane / corn / potatoes / soya bean / mangoes / longan / orange trees can sell between 2000 $ - 4000$', 4, 51, '2019-04-08 20:00:00', '2019-04-09 20:00:00'),
(200, 'B', 'Family owns fruit / cane / corn / potatoes / soya bean / mangoes / longan trees can sell between 300$ - 2000$', 4, 51, '2019-04-08 20:00:00', '2019-04-09 20:00:00'),
(201, 'C', 'Family owns fruit / cane / corn / potatoes / soya bean / mangoes / longan trees can sell between 50$ - 300$', 4, 51, '2019-04-22 20:00:00', '2019-04-23 20:00:00'),
(202, 'D', 'No answer', 4, 51, '2019-03-31 20:00:00', '2019-04-01 20:00:00'),
(203, 'A', 'Family owns vegetable garden such as cabbage / cauliflower / onion / tomatoes/eggplant/salad /cucumber / pumpkin can sell between 500 $ - 1000$', 4, 52, '2019-04-07 20:00:00', '2019-04-15 20:00:00'),
(204, 'B', 'Family owns vegetable garden such as cabbage / cauliflower / onion / tomatoes/eggplant/salad /cucumber / pumpkin can sell between 100$ - 500$', 4, 52, '2019-04-08 20:00:00', '2019-04-09 20:00:00'),
(205, 'C', 'Family owns vegetable garden such as cabbage / cauliflower / onion / tomatoes/eggplant/salad /cucumber / pumpkin can sell between 50$ - 100$', 4, 52, '2019-04-22 20:00:00', '2019-04-23 20:00:00'),
(206, 'D', 'No answer', 4, 52, '2019-04-01 20:00:00', '2019-04-02 20:00:00'),
(207, 'A', 'Family owns 2 fisheries pond', 4, 53, '2019-03-30 20:00:00', '2019-03-31 20:00:00'),
(208, 'B', 'Family owns a small fisheries pond', 4, 53, '2019-04-01 20:00:00', '2019-04-02 20:00:00'),
(209, 'C', 'Family has no own fisheries pond', 4, 53, '2019-04-03 20:00:00', '2019-04-04 20:00:00'),
(210, 'D', 'No answer', 4, 53, '2019-04-19 20:00:00', '2019-04-20 20:00:00'),
(211, 'A', 'Family owns 5 expensive cows / buffaloes', 4, 54, '2019-04-21 20:00:00', '2019-04-23 20:00:00'),
(212, 'B', 'Family owns 2 - 3 less expensive cows / buffaloes', 4, 54, '2019-04-07 20:00:00', '2019-04-08 20:00:00'),
(213, 'C', 'Family owns 0 Or 1 less expensive cow / buffalo', 4, 54, '2019-04-08 20:00:00', '2019-04-09 20:00:00'),
(214, 'D', 'No answer', 4, 54, '2019-04-02 20:00:00', '2019-04-04 20:00:00'),
(215, 'A', 'Family owns pigs husbandry', 4, 55, '2019-04-16 20:00:00', '2019-04-03 20:00:00'),
(216, 'B', 'Family owns 1 - 2 sows', 4, 55, '2019-04-15 20:00:00', '2019-04-22 20:00:00'),
(217, 'C', 'Family owns 1 -2 pigs', 4, 55, '2019-04-20 20:00:00', '2019-04-22 20:00:00'),
(218, 'D', 'No answer', 4, 55, '2019-04-09 20:00:00', '2019-04-10 20:00:00'),
(219, 'A', 'Family owns chicken husbandry', 3, 56, '2019-04-23 20:00:00', '2019-04-24 20:00:00'),
(220, 'B', 'Family raises chicken and can sell between 25$ - 50$ for 3 months to 4 months', 3, 56, '2019-03-31 20:00:00', '2019-04-01 20:00:00'),
(221, 'C', 'Family owns 1 -2 chicken', 3, 56, '2019-04-16 20:00:00', '2019-04-17 20:00:00'),
(222, 'D', 'No answer', 3, 56, '2019-04-22 20:00:00', '2019-04-23 20:00:00'),
(223, 'A', 'Family has loans from Bank Or Microfinance between 5000$ - 10000$', 5, 58, '2019-04-21 20:00:00', '2019-04-22 20:00:00'),
(224, 'B', 'Family has loans from Bank Or Microfinance between 1000$ - 5000$', 5, 58, '2019-04-16 20:00:00', '2019-04-17 20:00:00'),
(225, 'C', 'Family has loans from Bank Or Microfinance between 500$ - 1000$', 5, 58, '2019-04-07 20:00:00', '2019-04-08 20:00:00'),
(226, 'D', 'No answer', 5, 58, '2019-04-24 20:00:00', '2019-04-25 20:00:00'),
(227, 'A', 'Family has loans from money lender between 1000$ - 3000$', 5, 59, '2019-04-15 20:00:00', '2019-04-16 20:00:00'),
(228, 'B', 'Family has loans from neighbors between 500$ - 1000$', 5, 59, '2019-04-23 20:00:00', '2019-04-25 20:00:00'),
(229, 'C', 'Family has loans from relatives between 100$ - 500$', 5, 59, '2019-04-22 20:00:00', '2019-04-23 20:00:00'),
(230, 'D', 'No answer', 5, 59, '2019-04-01 20:00:00', '2019-04-02 20:00:00'),
(231, 'A', 'Household expenses per person monthly from more than 120$', 5, 60, '2019-03-31 20:00:00', '2019-04-02 20:00:00'),
(232, 'B', 'Household expenses per person monthly from 60$ - 120$', 5, 60, '2019-04-02 20:00:00', '2019-04-03 20:00:00'),
(233, 'C', 'Household expenses per person monthly from 30$ - 60$', 5, 60, '2019-04-20 20:00:00', '2019-04-22 20:00:00'),
(234, 'D', 'No answer', 5, 60, '2019-04-14 20:00:00', '2019-04-15 20:00:00'),
(235, 'A', 'Family spends on food between more than 80$ per month and per person', 5, 61, '2019-04-20 20:00:00', '2019-04-21 20:00:00'),
(236, 'B', 'Family spends on food between 35$ - 80$ per month and per person', 5, 61, '2019-04-13 20:00:00', '2019-04-14 20:00:00'),
(237, 'C', 'Family spends on food between 20$ - 35$ per month and per person', 5, 61, '2019-03-31 20:00:00', '2019-04-01 20:00:00'),
(238, 'D', 'No answer', 5, 61, '2019-04-06 20:00:00', '2019-04-07 20:00:00'),
(239, 'A', 'Family has own rice to eat enough for a whole year', 5, 62, '2019-03-31 20:00:00', '2019-03-31 20:00:00'),
(240, 'B', 'Family has own rice to eat but not enough for a whole year', 5, 62, '2019-04-07 20:00:00', '2019-04-08 20:00:00'),
(241, 'C', 'Family has no own rice', 5, 62, '2019-03-31 20:00:00', '2019-04-01 20:00:00'),
(242, 'D', 'No answer', 5, 62, '2019-04-07 20:00:00', '2019-04-08 20:00:00'),
(243, 'A', 'Family is able to buy a big amount of rice for a whole month', 5, 63, '2019-04-07 20:00:00', '2019-04-08 20:00:00'),
(244, 'B', 'Family is able to buy a small amount of rice by some weeks', 5, 63, '2019-04-01 20:00:00', '2019-04-02 20:00:00'),
(245, 'C', 'Family is able to buy a small amount of rice by days', 5, 63, '2019-04-06 20:00:00', '2019-04-15 20:00:00'),
(246, 'D', 'No answer', 5, 63, '2019-04-15 20:00:00', '2019-04-16 20:00:00'),
(247, 'A', 'Family is fully able to use Electricity + tap water from 50$ - 100 $', 5, 64, '2019-04-13 20:00:00', '2019-04-14 20:00:00'),
(248, 'B', 'Family is able to use Electricity and small amount of tap water from 25$ - 50$', 5, 64, '2019-03-31 20:00:00', '2019-04-01 20:00:00'),
(249, 'C', 'Family is able to use battery , torch , kerosene from 5$ - 25 $', 5, 64, '2019-04-07 20:00:00', '2019-04-08 20:00:00'),
(250, 'D', 'No answer', 5, 64, '2019-03-31 20:00:00', '2019-04-01 20:00:00'),
(251, 'A', 'Family pays from 20$ - 50 $ to top up phone cards per month', 5, 65, '2019-04-15 20:00:00', '2019-04-16 20:00:00'),
(252, 'B', 'Family pays from 5$ - 20 $ to top up phone cards per month', 5, 65, '2019-04-13 20:00:00', '2019-04-15 20:00:00'),
(253, 'C', 'Family pays from 1$ - 5 $ to top up phone cards per month', 5, 65, '2019-04-08 20:00:00', '2019-04-09 20:00:00'),
(254, 'D', 'No answer', 5, 65, '2019-04-22 20:00:00', '2019-04-23 20:00:00'),
(255, 'A', 'Family pays on transportations / gasoline from 50$ -100$ per month', 5, 66, '2019-04-21 20:00:00', '2019-04-22 20:00:00'),
(256, 'B', 'Family pays on transportations / gasoline from 20$ -50$ per month', 5, 66, '2019-04-15 20:00:00', '2019-04-16 20:00:00'),
(257, 'C', 'Family pays on transportations / gasoline from 5$ -20$ per month', 5, 66, '2019-04-16 20:00:00', '2019-04-17 20:00:00'),
(258, 'D', 'No answer', 5, 66, '2019-04-22 20:00:00', '2019-04-23 20:00:00'),
(259, 'A', 'Family pays on school , extra classes fees and allowance for children 80$ - 20$ per month', 5, 67, '2019-04-07 20:00:00', '2019-04-08 20:00:00'),
(260, 'B', 'Family pays on school , extra classes fees and allowance for children 25 - 80$ per month', 5, 67, '2019-04-22 20:00:00', '2019-04-23 20:00:00'),
(261, 'C', 'Family pays on school , extra classes fees and allowance for children 5 - 25$ per month', 5, 67, '2019-04-22 20:00:00', '2019-04-23 20:00:00'),
(262, 'D', 'No answer', 5, 67, '2019-04-24 20:00:00', '2019-04-18 20:00:00'),
(263, 'A', 'Family pays on medicine and hospitalization 100$ - 200$ per month', 5, 68, '2019-03-30 20:00:00', '2019-03-31 20:00:00'),
(264, 'B', 'Family pays on medicine and hospitalization 50 - 100$ per month', 5, 68, '2019-04-01 20:00:00', '2019-04-02 20:00:00'),
(265, 'C', 'Family pays on medicine and hospitalization 10 - 50$ per month', 5, 68, '2019-04-14 20:00:00', '2019-04-15 20:00:00'),
(266, 'D', 'No answer', 5, 68, '2019-04-19 20:00:00', '2019-04-20 20:00:00'),
(267, 'A', 'Family pays on production material like feeds , fertilizer , tool and equipment from 100$ - 200$ per month', 5, 69, '2019-04-21 20:00:00', '2019-04-22 20:00:00'),
(268, 'B', 'Family pays on production material like feeds , fertilizer , tool and equipment from 50$ - 100$ per month', 5, 69, '2019-04-15 20:00:00', '2019-04-16 20:00:00'),
(269, 'C', 'Family pays on production material like feeds , fertilizer , tool and equipment from 10$ - 50$ per month', 5, 69, '2019-04-14 20:00:00', '2019-04-15 20:00:00'),
(270, 'D', 'No answer', 5, 69, '2019-04-14 20:00:00', '2019-04-15 20:00:00'),
(271, 'A', 'Family pays on alcohol and cigarettes from 50$ - 100$ per month', 5, 70, '2019-04-01 20:00:00', '2019-04-02 20:00:00'),
(272, 'B', 'Family pays on alcohol and cigarettes from 15 - 50$ per month', 5, 70, '2019-04-14 20:00:00', '2019-04-15 20:00:00'),
(273, 'C', 'Family pays on alcohol and cigarettes from 5$ - 15 $ per month', 5, 70, '2019-04-07 20:00:00', '2019-04-08 20:00:00'),
(274, 'D', 'No answer', 5, 70, '2019-04-01 20:00:00', '2019-04-03 20:00:00'),
(275, 'A', 'Family pays on wedding , ceremony and others celebration from 100 - 200$ per month', 5, 71, '2019-04-08 20:00:00', '2019-04-09 20:00:00'),
(276, 'B', 'Family pays on wedding , ceremony and others celebration from 50$ - 100$ per month', 5, 71, '2019-04-23 20:00:00', '2019-04-24 20:00:00'),
(277, 'C', 'Family pays on wedding , ceremony and others celebration from 20$ - 50$ per month', 5, 71, '2019-04-08 20:00:00', '2019-04-09 20:00:00'),
(278, 'D', 'No answer', 5, 71, '2019-04-14 20:00:00', '2019-04-15 20:00:00'),
(279, 'A', 'Family has not hold a poverty card', 4, 72, '2019-04-14 20:00:00', '2019-04-23 20:00:00'),
(280, 'B', 'Family has hold a poverty card 2', 4, 72, '2019-04-14 20:00:00', '2019-04-15 20:00:00'),
(281, 'C', 'Family has hold a poverty card 1', 4, 72, '2019-03-31 20:00:00', '2019-04-01 20:00:00'),
(282, 'D', 'No answer', 4, 72, '2019-04-08 20:00:00', '2019-04-09 20:00:00');

-- --------------------------------------------------------

--
-- Table structure for table `answer_candidate`
--

DROP TABLE IF EXISTS `answer_candidate`;
CREATE TABLE IF NOT EXISTS `answer_candidate` (
  `id` int(10) UNSIGNED NOT NULL AUTO_INCREMENT,
  `candidate_id` int(10) UNSIGNED NOT NULL,
  `answer_id` int(10) UNSIGNED NOT NULL,
  `created_at` timestamp NULL DEFAULT NULL,
  `updated_at` timestamp NULL DEFAULT NULL,
  `comment` text COLLATE utf8mb4_unicode_ci,
  `summary` text COLLATE utf8mb4_unicode_ci,
  PRIMARY KEY (`id`),
  KEY `answer_candidate_candidate_id_foreign` (`candidate_id`),
  KEY `answer_candidate_answer_id_foreign` (`answer_id`)
) ENGINE=InnoDB AUTO_INCREMENT=6970 DEFAULT CHARSET=utf8mb4 COLLATE=utf8mb4_unicode_ci;

--
-- Dumping data for table `answer_candidate`
--

INSERT INTO `answer_candidate` (`id`, `candidate_id`, `answer_id`, `created_at`, `updated_at`, `comment`, `summary`) VALUES
(3727, 7, 15, NULL, NULL, NULL, 'Summary 1'),
(3728, 7, 19, NULL, NULL, NULL, 'Sammary 2'),
(3729, 7, 23, NULL, NULL, NULL, 'Summary 3'),
(3730, 7, 12, NULL, NULL, NULL, 'Summary 4'),
(3731, 7, 8, NULL, NULL, NULL, 'summary 5'),
(3732, 7, 4, NULL, NULL, NULL, '6'),
(3733, 7, 30, NULL, NULL, NULL, '7'),
(3734, 7, 34, NULL, NULL, NULL, '8'),
(3735, 7, 38, NULL, NULL, NULL, '11'),
(3736, 7, 42, NULL, NULL, NULL, '9'),
(3737, 7, 46, NULL, NULL, NULL, '10'),
(3738, 7, 50, NULL, NULL, NULL, NULL),
(3739, 7, 54, NULL, NULL, NULL, NULL),
(3740, 7, 58, NULL, NULL, NULL, NULL),
(3741, 7, 62, NULL, NULL, NULL, NULL),
(3742, 7, 66, NULL, NULL, NULL, NULL),
(3743, 7, 74, NULL, NULL, NULL, NULL),
(3744, 7, 78, NULL, NULL, NULL, NULL),
(3745, 7, 82, NULL, NULL, NULL, NULL),
(3746, 7, 86, NULL, NULL, NULL, NULL),
(3747, 7, 90, NULL, NULL, NULL, NULL),
(3748, 7, 94, NULL, NULL, NULL, NULL),
(3749, 7, 98, NULL, NULL, NULL, NULL),
(3750, 7, 102, NULL, NULL, NULL, NULL),
(3751, 7, 106, NULL, NULL, NULL, NULL),
(3752, 7, 110, NULL, NULL, NULL, NULL),
(3753, 7, 114, NULL, NULL, NULL, NULL),
(3754, 7, 118, NULL, NULL, NULL, NULL),
(3755, 7, 122, NULL, NULL, NULL, NULL),
(3756, 7, 126, NULL, NULL, NULL, NULL),
(3757, 7, 130, NULL, NULL, NULL, NULL),
(3758, 7, 134, NULL, NULL, NULL, NULL),
(3759, 7, 138, NULL, NULL, NULL, NULL),
(3760, 7, 146, NULL, NULL, NULL, NULL),
(3761, 7, 150, NULL, NULL, NULL, NULL),
(3762, 7, 154, NULL, NULL, NULL, NULL),
(3763, 7, 158, NULL, NULL, NULL, NULL),
(3764, 7, 162, NULL, NULL, NULL, NULL),
(3765, 7, 166, NULL, NULL, NULL, NULL),
(3766, 7, 142, NULL, NULL, NULL, NULL),
(3767, 7, 170, NULL, NULL, NULL, NULL),
(3768, 7, 174, NULL, NULL, NULL, NULL),
(3769, 7, 178, NULL, NULL, NULL, NULL),
(3770, 7, 182, NULL, NULL, NULL, NULL),
(3771, 7, 186, NULL, NULL, NULL, NULL),
(3772, 7, 190, NULL, NULL, NULL, NULL),
(3773, 7, 194, NULL, NULL, NULL, NULL),
(3774, 7, 198, NULL, NULL, NULL, NULL),
(3775, 7, 202, NULL, NULL, NULL, NULL),
(3776, 7, 206, NULL, NULL, NULL, NULL),
(3777, 7, 210, NULL, NULL, NULL, NULL),
(3778, 7, 214, NULL, NULL, NULL, NULL),
(3779, 7, 218, NULL, NULL, NULL, NULL),
(3780, 7, 222, NULL, NULL, NULL, NULL),
(3781, 7, 226, NULL, NULL, NULL, NULL),
(3782, 7, 230, NULL, NULL, NULL, NULL),
(3783, 7, 234, NULL, NULL, NULL, NULL),
(3784, 7, 238, NULL, NULL, NULL, NULL),
(3785, 7, 242, NULL, NULL, NULL, NULL),
(3786, 7, 246, NULL, NULL, NULL, NULL),
(3787, 7, 250, NULL, NULL, NULL, NULL),
(3788, 7, 254, NULL, NULL, NULL, NULL),
(3789, 7, 258, NULL, NULL, NULL, NULL),
(3790, 7, 262, NULL, NULL, NULL, NULL),
(3791, 7, 266, NULL, NULL, NULL, NULL),
(3792, 7, 270, NULL, NULL, NULL, NULL),
(3793, 7, 274, NULL, NULL, NULL, NULL),
(3794, 7, 278, NULL, NULL, NULL, NULL),
(3795, 7, 282, NULL, NULL, NULL, NULL),
(4486, 20, 14, NULL, NULL, NULL, 'Summary candidate'),
(4487, 20, 19, NULL, NULL, NULL, NULL),
(4488, 20, 21, NULL, NULL, NULL, NULL),
(4489, 20, 12, NULL, NULL, NULL, NULL),
(4490, 20, 5, NULL, NULL, NULL, NULL),
(4491, 20, 4, NULL, NULL, NULL, NULL),
(4492, 20, 30, NULL, NULL, NULL, NULL),
(4493, 20, 34, NULL, NULL, NULL, NULL),
(4494, 20, 38, NULL, NULL, NULL, NULL),
(4495, 20, 42, NULL, NULL, NULL, NULL),
(4496, 20, 46, NULL, NULL, NULL, NULL),
(4497, 20, 50, NULL, NULL, NULL, NULL),
(4498, 20, 54, NULL, NULL, NULL, NULL),
(4499, 20, 58, NULL, NULL, NULL, NULL),
(4500, 20, 62, NULL, NULL, NULL, NULL),
(4501, 20, 66, NULL, NULL, NULL, NULL),
(4502, 20, 74, NULL, NULL, NULL, NULL),
(4503, 20, 78, NULL, NULL, NULL, NULL),
(4504, 20, 82, NULL, NULL, NULL, NULL),
(4505, 20, 86, NULL, NULL, NULL, NULL),
(4506, 20, 90, NULL, NULL, NULL, NULL),
(4507, 20, 94, NULL, NULL, NULL, NULL),
(4508, 20, 98, NULL, NULL, NULL, NULL),
(4509, 20, 102, NULL, NULL, NULL, NULL),
(4510, 20, 106, NULL, NULL, NULL, NULL),
(4511, 20, 110, NULL, NULL, NULL, NULL),
(4512, 20, 114, NULL, NULL, NULL, NULL),
(4513, 20, 118, NULL, NULL, NULL, NULL),
(4514, 20, 122, NULL, NULL, NULL, NULL),
(4515, 20, 126, NULL, NULL, NULL, NULL),
(4516, 20, 130, NULL, NULL, NULL, NULL),
(4517, 20, 134, NULL, NULL, NULL, NULL),
(4518, 20, 138, NULL, NULL, NULL, NULL),
(4519, 20, 146, NULL, NULL, NULL, NULL),
(4520, 20, 150, NULL, NULL, NULL, NULL),
(4521, 20, 154, NULL, NULL, NULL, NULL),
(4522, 20, 158, NULL, NULL, NULL, NULL),
(4523, 20, 162, NULL, NULL, NULL, NULL),
(4524, 20, 166, NULL, NULL, NULL, NULL),
(4525, 20, 142, NULL, NULL, NULL, NULL),
(4526, 20, 170, NULL, NULL, NULL, NULL),
(4527, 20, 174, NULL, NULL, NULL, NULL),
(4528, 20, 178, NULL, NULL, NULL, NULL),
(4529, 20, 182, NULL, NULL, NULL, NULL),
(4530, 20, 186, NULL, NULL, NULL, NULL),
(4531, 20, 190, NULL, NULL, NULL, NULL),
(4532, 20, 194, NULL, NULL, NULL, NULL),
(4533, 20, 198, NULL, NULL, NULL, NULL),
(4534, 20, 202, NULL, NULL, NULL, NULL),
(4535, 20, 206, NULL, NULL, NULL, NULL),
(4536, 20, 210, NULL, NULL, NULL, NULL),
(4537, 20, 214, NULL, NULL, NULL, NULL),
(4538, 20, 218, NULL, NULL, NULL, NULL),
(4539, 20, 222, NULL, NULL, NULL, NULL),
(4540, 20, 226, NULL, NULL, NULL, NULL),
(4541, 20, 230, NULL, NULL, NULL, NULL),
(4542, 20, 234, NULL, NULL, NULL, NULL),
(4543, 20, 238, NULL, NULL, NULL, NULL),
(4544, 20, 242, NULL, NULL, NULL, NULL),
(4545, 20, 246, NULL, NULL, NULL, NULL),
(4546, 20, 250, NULL, NULL, NULL, NULL),
(4547, 20, 254, NULL, NULL, NULL, NULL),
(4548, 20, 258, NULL, NULL, NULL, NULL),
(4549, 20, 262, NULL, NULL, NULL, NULL),
(4550, 20, 266, NULL, NULL, NULL, NULL),
(4551, 20, 270, NULL, NULL, NULL, NULL),
(4552, 20, 274, NULL, NULL, NULL, NULL),
(4553, 20, 278, NULL, NULL, NULL, NULL),
(4554, 20, 282, NULL, NULL, NULL, NULL),
(4555, 19, 15, NULL, NULL, NULL, 'Information of candidate'),
(4556, 19, 18, NULL, NULL, NULL, NULL),
(4557, 19, 21, NULL, NULL, NULL, NULL),
(4558, 19, 9, NULL, NULL, NULL, NULL),
(4559, 19, 8, NULL, NULL, NULL, NULL),
(4560, 19, 4, NULL, NULL, NULL, NULL),
(4561, 19, 30, NULL, NULL, NULL, NULL),
(4562, 19, 34, NULL, NULL, NULL, NULL),
(4563, 19, 38, NULL, NULL, NULL, NULL),
(4564, 19, 42, NULL, NULL, NULL, NULL),
(4565, 19, 46, NULL, NULL, NULL, NULL),
(4566, 19, 50, NULL, NULL, NULL, NULL),
(4567, 19, 54, NULL, NULL, NULL, NULL),
(4568, 19, 58, NULL, NULL, NULL, NULL),
(4569, 19, 62, NULL, NULL, NULL, NULL),
(4570, 19, 66, NULL, NULL, NULL, NULL),
(4571, 19, 74, NULL, NULL, NULL, NULL),
(4572, 19, 78, NULL, NULL, NULL, NULL),
(4573, 19, 82, NULL, NULL, NULL, NULL),
(4574, 19, 86, NULL, NULL, NULL, NULL),
(4575, 19, 90, NULL, NULL, NULL, NULL),
(4576, 19, 94, NULL, NULL, NULL, NULL),
(4577, 19, 98, NULL, NULL, NULL, NULL),
(4578, 19, 102, NULL, NULL, NULL, NULL),
(4579, 19, 106, NULL, NULL, NULL, NULL),
(4580, 19, 110, NULL, NULL, NULL, NULL),
(4581, 19, 114, NULL, NULL, NULL, NULL),
(4582, 19, 118, NULL, NULL, NULL, NULL),
(4583, 19, 122, NULL, NULL, NULL, NULL),
(4584, 19, 126, NULL, NULL, NULL, NULL),
(4585, 19, 130, NULL, NULL, NULL, NULL),
(4586, 19, 134, NULL, NULL, NULL, NULL),
(4587, 19, 138, NULL, NULL, NULL, NULL),
(4588, 19, 146, NULL, NULL, NULL, NULL),
(4589, 19, 150, NULL, NULL, NULL, NULL),
(4590, 19, 154, NULL, NULL, NULL, NULL),
(4591, 19, 158, NULL, NULL, NULL, NULL),
(4592, 19, 162, NULL, NULL, NULL, NULL),
(4593, 19, 166, NULL, NULL, NULL, NULL),
(4594, 19, 142, NULL, NULL, NULL, NULL),
(4595, 19, 170, NULL, NULL, NULL, NULL),
(4596, 19, 174, NULL, NULL, NULL, NULL),
(4597, 19, 178, NULL, NULL, NULL, NULL),
(4598, 19, 182, NULL, NULL, NULL, NULL),
(4599, 19, 186, NULL, NULL, NULL, NULL),
(4600, 19, 190, NULL, NULL, NULL, NULL),
(4601, 19, 194, NULL, NULL, NULL, NULL),
(4602, 19, 198, NULL, NULL, NULL, NULL),
(4603, 19, 202, NULL, NULL, NULL, NULL),
(4604, 19, 206, NULL, NULL, NULL, NULL),
(4605, 19, 210, NULL, NULL, NULL, NULL),
(4606, 19, 214, NULL, NULL, NULL, NULL),
(4607, 19, 218, NULL, NULL, NULL, NULL),
(4608, 19, 222, NULL, NULL, NULL, NULL),
(4609, 19, 226, NULL, NULL, NULL, NULL),
(4610, 19, 230, NULL, NULL, NULL, NULL),
(4611, 19, 234, NULL, NULL, NULL, NULL),
(4612, 19, 238, NULL, NULL, NULL, NULL),
(4613, 19, 242, NULL, NULL, NULL, NULL),
(4614, 19, 246, NULL, NULL, NULL, NULL),
(4615, 19, 250, NULL, NULL, NULL, NULL),
(4616, 19, 254, NULL, NULL, NULL, NULL),
(4617, 19, 258, NULL, NULL, NULL, NULL),
(4618, 19, 262, NULL, NULL, NULL, NULL),
(4619, 19, 266, NULL, NULL, NULL, NULL),
(4620, 19, 270, NULL, NULL, NULL, NULL),
(4621, 19, 274, NULL, NULL, NULL, NULL),
(4622, 19, 278, NULL, NULL, NULL, NULL),
(4623, 19, 282, NULL, NULL, NULL, NULL),
(4786, 24, 16, NULL, NULL, NULL, NULL),
(4788, 24, 20, NULL, NULL, NULL, NULL),
(4790, 24, 24, NULL, NULL, NULL, NULL),
(4792, 24, 12, NULL, NULL, NULL, NULL),
(4794, 24, 8, NULL, NULL, NULL, NULL),
(4796, 24, 4, NULL, NULL, NULL, NULL),
(4798, 24, 30, NULL, NULL, NULL, NULL),
(4800, 24, 34, NULL, NULL, NULL, NULL),
(4802, 24, 38, NULL, NULL, NULL, NULL),
(4804, 24, 42, NULL, NULL, NULL, NULL),
(4806, 24, 46, NULL, NULL, NULL, NULL),
(4808, 24, 50, NULL, NULL, NULL, NULL),
(4810, 24, 54, NULL, NULL, NULL, NULL),
(4812, 24, 58, NULL, NULL, NULL, NULL),
(4814, 24, 62, NULL, NULL, NULL, NULL),
(4816, 24, 66, NULL, NULL, NULL, NULL),
(4870, 27, 16, NULL, NULL, NULL, NULL),
(4871, 24, 74, NULL, NULL, NULL, NULL),
(4872, 24, 78, NULL, NULL, NULL, NULL),
(4874, 27, 20, NULL, NULL, NULL, NULL),
(4876, 27, 24, NULL, NULL, NULL, NULL),
(4877, 27, 12, NULL, NULL, NULL, NULL),
(4878, 24, 82, NULL, NULL, NULL, NULL),
(4880, 27, 8, NULL, NULL, NULL, NULL),
(4882, 27, 4, NULL, NULL, NULL, NULL),
(4883, 24, 86, NULL, NULL, NULL, NULL),
(4885, 27, 30, NULL, NULL, NULL, NULL),
(4887, 27, 34, NULL, NULL, NULL, NULL),
(4888, 27, 38, NULL, NULL, NULL, NULL),
(4889, 24, 90, NULL, NULL, NULL, NULL),
(4891, 27, 42, NULL, NULL, NULL, NULL),
(4893, 27, 46, NULL, NULL, NULL, NULL),
(4894, 27, 50, NULL, NULL, NULL, NULL),
(4895, 24, 94, NULL, NULL, NULL, NULL),
(4898, 27, 54, NULL, NULL, NULL, NULL),
(4899, 27, 58, NULL, NULL, NULL, NULL),
(4900, 24, 98, NULL, NULL, NULL, NULL),
(4902, 27, 62, NULL, NULL, NULL, NULL),
(4904, 27, 66, NULL, NULL, NULL, NULL),
(4905, 27, 74, NULL, NULL, NULL, NULL),
(4906, 24, 102, NULL, NULL, NULL, NULL),
(4909, 27, 78, NULL, NULL, NULL, NULL),
(4910, 24, 106, NULL, NULL, NULL, NULL),
(4911, 27, 82, NULL, NULL, NULL, NULL),
(4913, 27, 86, NULL, NULL, NULL, NULL),
(4914, 24, 110, NULL, NULL, NULL, NULL),
(4915, 27, 90, NULL, NULL, NULL, NULL),
(4918, 27, 94, NULL, NULL, NULL, NULL),
(4919, 27, 98, NULL, NULL, NULL, NULL),
(4920, 24, 114, NULL, NULL, NULL, NULL),
(4923, 27, 102, NULL, NULL, NULL, NULL),
(4924, 27, 106, NULL, NULL, NULL, NULL),
(4925, 24, 118, NULL, NULL, NULL, NULL),
(4927, 27, 110, NULL, NULL, NULL, NULL),
(4929, 27, 114, NULL, NULL, NULL, NULL),
(4930, 24, 122, NULL, NULL, NULL, NULL),
(4931, 27, 118, NULL, NULL, NULL, NULL),
(4934, 27, 122, NULL, NULL, NULL, NULL),
(4935, 27, 126, NULL, NULL, NULL, NULL),
(4936, 24, 126, NULL, NULL, NULL, NULL),
(4939, 27, 130, NULL, NULL, NULL, NULL),
(4940, 27, 134, NULL, NULL, NULL, NULL),
(4941, 24, 130, NULL, NULL, NULL, NULL),
(4943, 27, 138, NULL, NULL, NULL, NULL),
(4945, 27, 146, NULL, NULL, NULL, NULL),
(4946, 24, 134, NULL, NULL, NULL, NULL),
(4947, 27, 150, NULL, NULL, NULL, NULL),
(4950, 24, 138, NULL, NULL, NULL, NULL),
(4957, 27, 154, NULL, NULL, NULL, NULL),
(4958, 27, 158, NULL, NULL, NULL, NULL),
(4960, 24, 146, NULL, NULL, NULL, NULL),
(4962, 27, 162, NULL, NULL, NULL, NULL),
(4963, 27, 166, NULL, NULL, NULL, NULL),
(4965, 24, 150, NULL, NULL, NULL, NULL),
(4967, 27, 142, NULL, NULL, NULL, NULL),
(4968, 27, 170, NULL, NULL, NULL, NULL),
(4970, 24, 154, NULL, NULL, NULL, NULL),
(4972, 27, 174, NULL, NULL, NULL, NULL),
(4973, 27, 178, NULL, NULL, NULL, NULL),
(4974, 27, 182, NULL, NULL, NULL, NULL),
(4976, 24, 158, NULL, NULL, NULL, NULL),
(4978, 27, 186, NULL, NULL, NULL, NULL),
(4980, 27, 190, NULL, NULL, NULL, NULL),
(4981, 24, 162, NULL, NULL, NULL, NULL),
(4983, 27, 194, NULL, NULL, NULL, NULL),
(4986, 27, 198, NULL, NULL, NULL, NULL),
(4987, 24, 166, NULL, NULL, NULL, NULL),
(4988, 27, 202, NULL, NULL, NULL, NULL),
(4990, 27, 206, NULL, NULL, NULL, NULL),
(4991, 24, 142, NULL, NULL, NULL, NULL),
(4994, 24, 170, NULL, NULL, NULL, NULL),
(4997, 24, 174, NULL, NULL, NULL, NULL),
(5000, 24, 178, NULL, NULL, NULL, NULL),
(5003, 24, 182, NULL, NULL, NULL, NULL),
(5004, 27, 210, NULL, NULL, NULL, NULL),
(5007, 24, 186, NULL, NULL, NULL, NULL),
(5008, 28, 16, NULL, NULL, NULL, NULL),
(5011, 24, 190, NULL, NULL, NULL, NULL),
(5012, 28, 20, NULL, NULL, NULL, NULL),
(5015, 24, 194, NULL, NULL, NULL, NULL),
(5016, 28, 24, NULL, NULL, NULL, NULL),
(5019, 24, 198, NULL, NULL, NULL, NULL),
(5020, 28, 12, NULL, NULL, NULL, NULL),
(5023, 24, 202, NULL, NULL, NULL, NULL),
(5024, 28, 8, NULL, NULL, NULL, NULL),
(5026, 28, 4, NULL, NULL, NULL, NULL),
(5028, 28, 30, NULL, NULL, NULL, NULL),
(5030, 28, 34, NULL, NULL, NULL, NULL),
(5033, 28, 38, NULL, NULL, NULL, NULL),
(5034, 27, 214, NULL, NULL, NULL, NULL),
(5035, 24, 206, NULL, NULL, NULL, NULL),
(5038, 27, 218, NULL, NULL, NULL, NULL),
(5039, 27, 222, NULL, NULL, NULL, NULL),
(5040, 24, 210, NULL, NULL, NULL, NULL),
(5041, 28, 42, NULL, NULL, NULL, NULL),
(5043, 27, 226, NULL, NULL, NULL, NULL),
(5045, 27, 230, NULL, NULL, NULL, NULL),
(5046, 28, 46, NULL, NULL, NULL, NULL),
(5047, 27, 234, NULL, NULL, NULL, NULL),
(5050, 27, 238, NULL, NULL, NULL, NULL),
(5051, 27, 242, NULL, NULL, NULL, NULL),
(5052, 28, 50, NULL, NULL, NULL, NULL),
(5053, 27, 246, NULL, NULL, NULL, NULL),
(5056, 27, 250, NULL, NULL, NULL, NULL),
(5057, 28, 54, NULL, NULL, NULL, NULL),
(5058, 27, 254, NULL, NULL, NULL, NULL),
(5061, 27, 258, NULL, NULL, NULL, NULL),
(5062, 27, 262, NULL, NULL, NULL, NULL),
(5063, 28, 58, NULL, NULL, NULL, NULL),
(5064, 27, 266, NULL, NULL, NULL, NULL),
(5065, 27, 270, NULL, NULL, NULL, NULL),
(5068, 27, 274, NULL, NULL, NULL, NULL),
(5069, 28, 62, NULL, NULL, NULL, NULL),
(5073, 27, 278, NULL, NULL, NULL, NULL),
(5074, 24, 214, NULL, NULL, NULL, NULL),
(5075, 28, 66, NULL, NULL, NULL, NULL),
(5077, 27, 282, NULL, NULL, NULL, NULL),
(5078, 24, 218, NULL, NULL, NULL, NULL),
(5079, 28, 74, NULL, NULL, NULL, NULL),
(5081, 30, 16, NULL, NULL, NULL, NULL),
(5082, 24, 222, NULL, NULL, NULL, NULL),
(5084, 28, 78, NULL, NULL, NULL, NULL),
(5086, 24, 226, NULL, NULL, NULL, NULL),
(5089, 28, 82, NULL, NULL, NULL, NULL),
(5090, 30, 20, NULL, NULL, NULL, NULL),
(5091, 24, 230, NULL, NULL, NULL, NULL),
(5093, 28, 86, NULL, NULL, NULL, NULL),
(5094, 30, 24, NULL, NULL, NULL, NULL),
(5095, 24, 234, NULL, NULL, NULL, NULL),
(5096, 28, 90, NULL, NULL, NULL, NULL),
(5098, 30, 12, NULL, NULL, NULL, NULL),
(5099, 24, 238, NULL, NULL, NULL, NULL),
(5100, 28, 94, NULL, NULL, NULL, NULL),
(5102, 30, 8, NULL, NULL, NULL, NULL),
(5103, 24, 242, NULL, NULL, NULL, NULL),
(5104, 28, 98, NULL, NULL, NULL, NULL),
(5106, 30, 4, NULL, NULL, NULL, NULL),
(5107, 24, 246, NULL, NULL, NULL, NULL),
(5108, 28, 102, NULL, NULL, NULL, NULL),
(5110, 30, 30, NULL, NULL, NULL, NULL),
(5111, 24, 250, NULL, NULL, NULL, NULL),
(5112, 28, 106, NULL, NULL, NULL, NULL),
(5114, 30, 34, NULL, NULL, NULL, NULL),
(5115, 24, 254, NULL, NULL, NULL, NULL),
(5116, 30, 38, NULL, NULL, NULL, NULL),
(5117, 24, 258, NULL, NULL, NULL, NULL),
(5118, 30, 42, NULL, NULL, NULL, NULL),
(5119, 24, 262, NULL, NULL, NULL, NULL),
(5120, 28, 110, NULL, NULL, NULL, NULL),
(5122, 30, 46, NULL, NULL, NULL, NULL),
(5123, 24, 266, NULL, NULL, NULL, NULL),
(5124, 28, 114, NULL, NULL, NULL, NULL),
(5126, 24, 270, NULL, NULL, NULL, NULL),
(5127, 28, 118, NULL, NULL, NULL, NULL),
(5130, 24, 274, NULL, NULL, NULL, NULL),
(5131, 28, 122, NULL, NULL, NULL, NULL),
(5133, 30, 50, NULL, NULL, NULL, NULL),
(5135, 24, 278, NULL, NULL, NULL, NULL),
(5136, 28, 126, NULL, NULL, NULL, NULL),
(5138, 30, 54, NULL, NULL, NULL, NULL),
(5140, 24, 282, NULL, NULL, NULL, NULL),
(5141, 28, 130, NULL, NULL, NULL, NULL),
(5143, 30, 58, NULL, NULL, NULL, NULL),
(5144, 28, 134, NULL, NULL, NULL, NULL),
(5146, 30, 62, NULL, NULL, NULL, NULL),
(5147, 31, 16, NULL, NULL, NULL, NULL),
(5149, 30, 66, NULL, NULL, NULL, NULL),
(5150, 30, 74, NULL, NULL, NULL, NULL),
(5152, 31, 20, NULL, NULL, NULL, NULL),
(5153, 30, 78, NULL, NULL, NULL, NULL),
(5155, 28, 138, NULL, NULL, NULL, NULL),
(5157, 30, 82, NULL, NULL, NULL, NULL),
(5159, 30, 86, NULL, NULL, NULL, NULL),
(5160, 31, 24, NULL, NULL, NULL, NULL),
(5162, 28, 146, NULL, NULL, NULL, NULL),
(5163, 30, 90, NULL, NULL, NULL, NULL),
(5164, 30, 94, NULL, NULL, NULL, NULL),
(5165, 31, 12, NULL, NULL, NULL, NULL),
(5168, 28, 150, NULL, NULL, NULL, NULL),
(5169, 30, 98, NULL, NULL, NULL, NULL),
(5170, 31, 8, NULL, NULL, NULL, NULL),
(5171, 30, 102, NULL, NULL, NULL, NULL),
(5174, 28, 154, NULL, NULL, NULL, NULL),
(5175, 30, 106, NULL, NULL, NULL, NULL),
(5176, 31, 4, NULL, NULL, NULL, NULL),
(5177, 30, 110, NULL, NULL, NULL, NULL),
(5180, 28, 158, NULL, NULL, NULL, NULL),
(5181, 30, 114, NULL, NULL, NULL, NULL),
(5182, 31, 30, NULL, NULL, NULL, NULL),
(5183, 30, 118, NULL, NULL, NULL, NULL),
(5187, 28, 162, NULL, NULL, NULL, NULL),
(5188, 30, 122, NULL, NULL, NULL, NULL),
(5189, 31, 34, NULL, NULL, NULL, NULL),
(5190, 30, 126, NULL, NULL, NULL, NULL),
(5193, 28, 166, NULL, NULL, NULL, NULL),
(5194, 31, 38, NULL, NULL, NULL, NULL),
(5195, 30, 130, NULL, NULL, NULL, NULL),
(5198, 30, 134, NULL, NULL, NULL, NULL),
(5199, 31, 42, NULL, NULL, NULL, NULL),
(5202, 30, 138, NULL, NULL, NULL, NULL),
(5203, 31, 46, NULL, NULL, NULL, NULL),
(5204, 30, 146, NULL, NULL, NULL, NULL),
(5207, 30, 150, NULL, NULL, NULL, NULL),
(5208, 31, 50, NULL, NULL, NULL, NULL),
(5211, 30, 154, NULL, NULL, NULL, NULL),
(5212, 31, 54, NULL, NULL, NULL, NULL),
(5215, 30, 158, NULL, NULL, NULL, NULL),
(5219, 30, 162, NULL, NULL, NULL, NULL),
(5220, 28, 142, NULL, NULL, NULL, NULL),
(5221, 30, 166, NULL, NULL, NULL, NULL),
(5222, 30, 142, NULL, NULL, NULL, NULL),
(5223, 30, 170, NULL, NULL, NULL, NULL),
(5224, 31, 58, NULL, NULL, NULL, NULL),
(5225, 28, 170, NULL, NULL, NULL, NULL),
(5226, 30, 174, NULL, NULL, NULL, NULL),
(5227, 31, 62, NULL, NULL, NULL, NULL),
(5228, 30, 178, NULL, NULL, NULL, NULL),
(5229, 28, 174, NULL, NULL, NULL, NULL),
(5230, 30, 182, NULL, NULL, NULL, NULL),
(5231, 31, 66, NULL, NULL, NULL, NULL),
(5232, 30, 186, NULL, NULL, NULL, NULL),
(5233, 28, 178, NULL, NULL, NULL, NULL),
(5234, 31, 74, NULL, NULL, NULL, NULL),
(5236, 28, 182, NULL, NULL, NULL, NULL),
(5237, 31, 78, NULL, NULL, NULL, NULL),
(5239, 31, 82, NULL, NULL, NULL, NULL),
(5241, 31, 86, NULL, NULL, NULL, NULL),
(5243, 31, 90, NULL, NULL, NULL, NULL),
(5245, 31, 94, NULL, NULL, NULL, NULL),
(5247, 30, 190, NULL, NULL, NULL, NULL),
(5248, 31, 98, NULL, NULL, NULL, NULL),
(5250, 30, 194, NULL, NULL, NULL, NULL),
(5251, 30, 198, NULL, NULL, NULL, NULL),
(5252, 31, 102, NULL, NULL, NULL, NULL),
(5254, 30, 202, NULL, NULL, NULL, NULL),
(5255, 31, 106, NULL, NULL, NULL, NULL),
(5256, 30, 206, NULL, NULL, NULL, NULL),
(5258, 30, 210, NULL, NULL, NULL, NULL),
(5260, 31, 110, NULL, NULL, NULL, NULL),
(5263, 31, 114, NULL, NULL, NULL, NULL),
(5265, 30, 214, NULL, NULL, NULL, NULL),
(5267, 31, 118, NULL, NULL, NULL, NULL),
(5271, 30, 218, NULL, NULL, NULL, NULL),
(5275, 30, 222, NULL, NULL, NULL, NULL),
(5277, 30, 226, NULL, NULL, NULL, NULL),
(5279, 30, 230, NULL, NULL, NULL, NULL),
(5281, 30, 234, NULL, NULL, NULL, NULL),
(5283, 30, 238, NULL, NULL, NULL, NULL),
(5285, 30, 242, NULL, NULL, NULL, NULL),
(5286, 30, 246, NULL, NULL, NULL, NULL),
(5287, 31, 122, NULL, NULL, NULL, NULL),
(5289, 30, 250, NULL, NULL, NULL, NULL),
(5290, 30, 254, NULL, NULL, NULL, NULL),
(5293, 30, 258, NULL, NULL, NULL, NULL),
(5295, 30, 262, NULL, NULL, NULL, NULL),
(5297, 30, 266, NULL, NULL, NULL, NULL),
(5299, 30, 270, NULL, NULL, NULL, NULL),
(5301, 30, 274, NULL, NULL, NULL, NULL),
(5303, 30, 278, NULL, NULL, NULL, NULL),
(5305, 30, 282, NULL, NULL, NULL, NULL),
(5315, 31, 126, NULL, NULL, NULL, NULL),
(5316, 28, 186, NULL, NULL, NULL, NULL),
(5319, 31, 130, NULL, NULL, NULL, NULL),
(5322, 31, 134, NULL, NULL, NULL, NULL),
(5324, 31, 138, NULL, NULL, NULL, NULL),
(5326, 31, 146, NULL, NULL, NULL, NULL),
(5328, 31, 150, NULL, NULL, NULL, NULL),
(5330, 31, 154, NULL, NULL, NULL, NULL),
(5331, 28, 190, NULL, NULL, NULL, NULL),
(5332, 31, 158, NULL, NULL, NULL, NULL),
(5335, 28, 194, NULL, NULL, NULL, NULL),
(5337, 31, 162, NULL, NULL, NULL, NULL),
(5339, 28, 198, NULL, NULL, NULL, NULL),
(5341, 31, 166, NULL, NULL, NULL, NULL),
(5343, 28, 202, NULL, NULL, NULL, NULL),
(5345, 31, 142, NULL, NULL, NULL, NULL),
(5347, 28, 206, NULL, NULL, NULL, NULL),
(5350, 31, 170, NULL, NULL, NULL, NULL),
(5351, 28, 210, NULL, NULL, NULL, NULL),
(5354, 31, 174, NULL, NULL, NULL, NULL),
(5355, 28, 214, NULL, NULL, NULL, NULL),
(5358, 31, 178, NULL, NULL, NULL, NULL),
(5359, 28, 218, NULL, NULL, NULL, NULL),
(5361, 31, 182, NULL, NULL, NULL, NULL),
(5362, 28, 222, NULL, NULL, NULL, NULL),
(5364, 31, 186, NULL, NULL, NULL, NULL),
(5366, 28, 226, NULL, NULL, NULL, NULL),
(5367, 31, 190, NULL, NULL, NULL, NULL),
(5370, 28, 230, NULL, NULL, NULL, NULL),
(5371, 31, 194, NULL, NULL, NULL, NULL),
(5373, 28, 234, NULL, NULL, NULL, NULL),
(5374, 31, 198, NULL, NULL, NULL, NULL),
(5377, 28, 238, NULL, NULL, NULL, NULL),
(5378, 31, 202, NULL, NULL, NULL, NULL),
(5381, 28, 242, NULL, NULL, NULL, NULL),
(5383, 31, 206, NULL, NULL, NULL, NULL),
(5386, 28, 246, NULL, NULL, NULL, NULL),
(5388, 28, 250, NULL, NULL, NULL, NULL),
(5390, 28, 254, NULL, NULL, NULL, NULL),
(5392, 28, 258, NULL, NULL, NULL, NULL),
(5393, 31, 210, NULL, NULL, NULL, NULL),
(5394, 28, 262, NULL, NULL, NULL, NULL),
(5395, 31, 214, NULL, NULL, NULL, NULL),
(5396, 28, 266, NULL, NULL, NULL, NULL),
(5397, 31, 218, NULL, NULL, NULL, NULL),
(5398, 28, 270, NULL, NULL, NULL, NULL),
(5399, 31, 222, NULL, NULL, NULL, NULL),
(5400, 28, 274, NULL, NULL, NULL, NULL),
(5401, 31, 226, NULL, NULL, NULL, NULL),
(5402, 28, 278, NULL, NULL, NULL, NULL),
(5403, 31, 230, NULL, NULL, NULL, NULL),
(5404, 31, 234, NULL, NULL, NULL, NULL),
(5405, 31, 238, NULL, NULL, NULL, NULL),
(5406, 31, 242, NULL, NULL, NULL, NULL),
(5407, 31, 246, NULL, NULL, NULL, NULL),
(5409, 31, 250, NULL, NULL, NULL, NULL),
(5411, 31, 254, NULL, NULL, NULL, NULL),
(5412, 28, 282, NULL, NULL, NULL, NULL),
(5413, 31, 258, NULL, NULL, NULL, NULL),
(5414, 31, 262, NULL, NULL, NULL, NULL),
(5416, 31, 266, NULL, NULL, NULL, NULL),
(5430, 31, 270, NULL, NULL, NULL, NULL),
(5431, 31, 274, NULL, NULL, NULL, NULL),
(5432, 31, 278, NULL, NULL, NULL, NULL),
(5433, 31, 282, NULL, NULL, NULL, NULL),
(5436, 33, 16, NULL, NULL, NULL, NULL),
(5438, 33, 20, NULL, NULL, NULL, NULL),
(5440, 33, 24, NULL, NULL, NULL, NULL),
(5442, 33, 12, NULL, NULL, NULL, NULL),
(5445, 33, 8, NULL, NULL, NULL, NULL),
(5447, 33, 4, NULL, NULL, NULL, NULL),
(5450, 33, 30, NULL, NULL, NULL, NULL),
(5452, 33, 34, NULL, NULL, NULL, NULL),
(5454, 33, 38, NULL, NULL, NULL, NULL),
(5457, 33, 42, NULL, NULL, NULL, NULL),
(5459, 33, 46, NULL, NULL, NULL, NULL),
(5461, 33, 50, NULL, NULL, NULL, NULL),
(5464, 33, 54, NULL, NULL, NULL, NULL),
(5465, 33, 58, NULL, NULL, NULL, NULL),
(5466, 33, 62, NULL, NULL, NULL, NULL),
(5467, 33, 66, NULL, NULL, NULL, NULL),
(5468, 33, 74, NULL, NULL, NULL, NULL),
(5469, 33, 78, NULL, NULL, NULL, NULL),
(5470, 33, 82, NULL, NULL, NULL, NULL),
(5471, 33, 86, NULL, NULL, NULL, NULL),
(5472, 33, 90, NULL, NULL, NULL, NULL),
(5473, 33, 94, NULL, NULL, NULL, NULL),
(5474, 33, 98, NULL, NULL, NULL, NULL),
(5475, 33, 102, NULL, NULL, NULL, NULL),
(5476, 33, 106, NULL, NULL, NULL, NULL),
(5477, 33, 110, NULL, NULL, NULL, NULL),
(5478, 33, 114, NULL, NULL, NULL, NULL),
(5479, 33, 118, NULL, NULL, NULL, NULL),
(5480, 33, 122, NULL, NULL, NULL, NULL),
(5481, 33, 126, NULL, NULL, NULL, NULL),
(5482, 33, 130, NULL, NULL, NULL, NULL),
(5483, 33, 134, NULL, NULL, NULL, NULL),
(5484, 33, 138, NULL, NULL, NULL, NULL),
(5485, 33, 146, NULL, NULL, NULL, NULL),
(5486, 33, 150, NULL, NULL, NULL, NULL),
(5487, 33, 154, NULL, NULL, NULL, NULL),
(5488, 33, 158, NULL, NULL, NULL, NULL),
(5489, 33, 162, NULL, NULL, NULL, NULL),
(5490, 33, 166, NULL, NULL, NULL, NULL),
(5491, 33, 142, NULL, NULL, NULL, NULL),
(5492, 33, 170, NULL, NULL, NULL, NULL),
(5493, 33, 174, NULL, NULL, NULL, NULL),
(5494, 33, 178, NULL, NULL, NULL, NULL),
(5495, 33, 182, NULL, NULL, NULL, NULL),
(5496, 33, 186, NULL, NULL, NULL, NULL),
(5497, 33, 190, NULL, NULL, NULL, NULL),
(5498, 33, 194, NULL, NULL, NULL, NULL),
(5499, 33, 198, NULL, NULL, NULL, NULL),
(5500, 33, 202, NULL, NULL, NULL, NULL),
(5501, 33, 206, NULL, NULL, NULL, NULL),
(5502, 33, 210, NULL, NULL, NULL, NULL),
(5503, 33, 214, NULL, NULL, NULL, NULL),
(5504, 33, 218, NULL, NULL, NULL, NULL),
(5505, 33, 222, NULL, NULL, NULL, NULL),
(5506, 33, 226, NULL, NULL, NULL, NULL),
(5507, 33, 230, NULL, NULL, NULL, NULL),
(5508, 33, 234, NULL, NULL, NULL, NULL),
(5509, 33, 238, NULL, NULL, NULL, NULL),
(5510, 33, 242, NULL, NULL, NULL, NULL),
(5511, 33, 246, NULL, NULL, NULL, NULL),
(5512, 33, 250, NULL, NULL, NULL, NULL),
(5513, 33, 254, NULL, NULL, NULL, NULL),
(5514, 33, 258, NULL, NULL, NULL, NULL),
(5515, 33, 262, NULL, NULL, NULL, NULL),
(5516, 33, 266, NULL, NULL, NULL, NULL),
(5517, 33, 270, NULL, NULL, NULL, NULL),
(5518, 33, 274, NULL, NULL, NULL, NULL),
(5519, 33, 278, NULL, NULL, NULL, NULL),
(5520, 33, 282, NULL, NULL, NULL, NULL),
(5659, 35, 16, NULL, NULL, NULL, NULL),
(5660, 35, 20, NULL, NULL, NULL, NULL),
(5661, 35, 24, NULL, NULL, NULL, NULL),
(5662, 35, 12, NULL, NULL, NULL, NULL),
(5663, 35, 8, NULL, NULL, NULL, NULL),
(5664, 35, 4, NULL, NULL, NULL, NULL),
(5665, 35, 30, NULL, NULL, NULL, NULL),
(5666, 35, 34, NULL, NULL, NULL, NULL),
(5667, 35, 38, NULL, NULL, NULL, NULL),
(5668, 35, 42, NULL, NULL, NULL, NULL),
(5669, 35, 46, NULL, NULL, NULL, NULL),
(5670, 35, 50, NULL, NULL, NULL, NULL),
(5671, 35, 54, NULL, NULL, NULL, NULL),
(5672, 35, 58, NULL, NULL, NULL, NULL),
(5673, 35, 62, NULL, NULL, NULL, NULL),
(5674, 35, 66, NULL, NULL, NULL, NULL),
(5675, 35, 74, NULL, NULL, NULL, NULL),
(5676, 35, 78, NULL, NULL, NULL, NULL),
(5677, 35, 82, NULL, NULL, NULL, NULL),
(5678, 35, 86, NULL, NULL, NULL, NULL),
(5679, 35, 90, NULL, NULL, NULL, NULL),
(5680, 35, 94, NULL, NULL, NULL, NULL),
(5681, 35, 98, NULL, NULL, NULL, NULL),
(5682, 35, 102, NULL, NULL, NULL, NULL),
(5683, 35, 106, NULL, NULL, NULL, NULL),
(5684, 35, 110, NULL, NULL, NULL, NULL),
(5685, 35, 114, NULL, NULL, NULL, NULL),
(5686, 35, 118, NULL, NULL, NULL, NULL),
(5687, 35, 122, NULL, NULL, NULL, NULL),
(5688, 35, 126, NULL, NULL, NULL, NULL),
(5689, 35, 130, NULL, NULL, NULL, NULL),
(5690, 35, 134, NULL, NULL, NULL, NULL),
(5691, 35, 138, NULL, NULL, NULL, NULL),
(5692, 35, 146, NULL, NULL, NULL, NULL),
(5693, 35, 150, NULL, NULL, NULL, NULL),
(5694, 35, 154, NULL, NULL, NULL, NULL),
(5695, 35, 158, NULL, NULL, NULL, NULL),
(5696, 35, 162, NULL, NULL, NULL, NULL),
(5697, 35, 166, NULL, NULL, NULL, NULL),
(5698, 35, 142, NULL, NULL, NULL, NULL),
(5699, 35, 170, NULL, NULL, NULL, NULL),
(5700, 35, 174, NULL, NULL, NULL, NULL),
(5701, 35, 178, NULL, NULL, NULL, NULL),
(5702, 35, 182, NULL, NULL, NULL, NULL),
(5703, 35, 186, NULL, NULL, NULL, NULL),
(5704, 35, 190, NULL, NULL, NULL, NULL),
(5705, 35, 194, NULL, NULL, NULL, NULL),
(5706, 35, 198, NULL, NULL, NULL, NULL),
(5707, 35, 202, NULL, NULL, NULL, NULL),
(5708, 35, 206, NULL, NULL, NULL, NULL),
(5709, 35, 210, NULL, NULL, NULL, NULL),
(5710, 35, 214, NULL, NULL, NULL, NULL),
(5711, 35, 218, NULL, NULL, NULL, NULL),
(5712, 35, 222, NULL, NULL, NULL, NULL),
(5713, 35, 226, NULL, NULL, NULL, NULL),
(5714, 35, 230, NULL, NULL, NULL, NULL),
(5715, 35, 234, NULL, NULL, NULL, NULL),
(5716, 35, 238, NULL, NULL, NULL, NULL),
(5717, 35, 242, NULL, NULL, NULL, NULL),
(5718, 35, 246, NULL, NULL, NULL, NULL),
(5719, 35, 250, NULL, NULL, NULL, NULL),
(5720, 35, 254, NULL, NULL, NULL, NULL),
(5721, 35, 258, NULL, NULL, NULL, NULL),
(5722, 35, 262, NULL, NULL, NULL, NULL),
(5723, 35, 266, NULL, NULL, NULL, NULL),
(5724, 35, 270, NULL, NULL, NULL, NULL),
(5725, 35, 274, NULL, NULL, NULL, NULL),
(5726, 35, 278, NULL, NULL, NULL, NULL),
(5727, 35, 282, NULL, NULL, NULL, NULL),
(5728, 36, 16, NULL, NULL, NULL, NULL),
(5729, 36, 20, NULL, NULL, NULL, NULL),
(5730, 36, 24, NULL, NULL, NULL, NULL),
(5731, 36, 12, NULL, NULL, NULL, NULL),
(5732, 36, 8, NULL, NULL, NULL, NULL),
(5733, 36, 4, NULL, NULL, NULL, NULL),
(5734, 36, 30, NULL, NULL, NULL, NULL),
(5735, 36, 34, NULL, NULL, NULL, NULL),
(5736, 36, 38, NULL, NULL, NULL, NULL),
(5737, 36, 42, NULL, NULL, NULL, NULL),
(5738, 36, 46, NULL, NULL, NULL, NULL),
(5739, 36, 50, NULL, NULL, NULL, NULL),
(5740, 36, 54, NULL, NULL, NULL, NULL),
(5741, 36, 58, NULL, NULL, NULL, NULL),
(5742, 36, 62, NULL, NULL, NULL, NULL),
(5743, 36, 66, NULL, NULL, NULL, NULL),
(5744, 36, 74, NULL, NULL, NULL, NULL),
(5745, 36, 78, NULL, NULL, NULL, NULL),
(5746, 36, 82, NULL, NULL, NULL, NULL),
(5747, 36, 86, NULL, NULL, NULL, NULL),
(5748, 36, 90, NULL, NULL, NULL, NULL),
(5749, 36, 94, NULL, NULL, NULL, NULL),
(5750, 36, 98, NULL, NULL, NULL, NULL),
(5751, 36, 102, NULL, NULL, NULL, NULL),
(5752, 36, 106, NULL, NULL, NULL, NULL),
(5753, 36, 110, NULL, NULL, NULL, NULL),
(5754, 36, 114, NULL, NULL, NULL, NULL),
(5755, 36, 118, NULL, NULL, NULL, NULL),
(5756, 36, 122, NULL, NULL, NULL, NULL),
(5757, 36, 126, NULL, NULL, NULL, NULL),
(5758, 36, 130, NULL, NULL, NULL, NULL),
(5759, 36, 134, NULL, NULL, NULL, NULL),
(5760, 36, 138, NULL, NULL, NULL, NULL),
(5761, 36, 146, NULL, NULL, NULL, NULL),
(5762, 36, 150, NULL, NULL, NULL, NULL),
(5763, 36, 154, NULL, NULL, NULL, NULL),
(5764, 36, 158, NULL, NULL, NULL, NULL),
(5765, 36, 162, NULL, NULL, NULL, NULL),
(5766, 36, 166, NULL, NULL, NULL, NULL),
(5767, 36, 142, NULL, NULL, NULL, NULL),
(5768, 36, 170, NULL, NULL, NULL, NULL),
(5769, 36, 174, NULL, NULL, NULL, NULL),
(5770, 36, 178, NULL, NULL, NULL, NULL),
(5771, 36, 182, NULL, NULL, NULL, NULL),
(5772, 36, 186, NULL, NULL, NULL, NULL),
(5773, 36, 190, NULL, NULL, NULL, NULL),
(5774, 36, 194, NULL, NULL, NULL, NULL),
(5775, 36, 198, NULL, NULL, NULL, NULL),
(5776, 36, 202, NULL, NULL, NULL, NULL),
(5777, 36, 206, NULL, NULL, NULL, NULL),
(5778, 36, 210, NULL, NULL, NULL, NULL),
(5779, 36, 214, NULL, NULL, NULL, NULL),
(5780, 36, 218, NULL, NULL, NULL, NULL),
(5781, 36, 222, NULL, NULL, NULL, NULL),
(5782, 36, 226, NULL, NULL, NULL, NULL),
(5783, 36, 230, NULL, NULL, NULL, NULL),
(5784, 36, 234, NULL, NULL, NULL, NULL),
(5785, 36, 238, NULL, NULL, NULL, NULL),
(5786, 36, 242, NULL, NULL, NULL, NULL),
(5787, 36, 246, NULL, NULL, NULL, NULL),
(5788, 36, 250, NULL, NULL, NULL, NULL),
(5789, 36, 254, NULL, NULL, NULL, NULL),
(5790, 36, 258, NULL, NULL, NULL, NULL),
(5791, 36, 262, NULL, NULL, NULL, NULL),
(5792, 36, 266, NULL, NULL, NULL, NULL),
(5793, 36, 270, NULL, NULL, NULL, NULL),
(5794, 36, 274, NULL, NULL, NULL, NULL),
(5795, 36, 278, NULL, NULL, NULL, NULL),
(5796, 36, 282, NULL, NULL, NULL, NULL),
(5797, 37, 15, NULL, NULL, NULL, NULL),
(5798, 37, 20, NULL, NULL, NULL, NULL),
(5799, 37, 21, NULL, NULL, NULL, NULL),
(5800, 37, 12, NULL, NULL, NULL, NULL),
(5801, 37, 8, NULL, NULL, NULL, NULL),
(5802, 37, 4, NULL, NULL, NULL, NULL),
(5803, 37, 30, NULL, NULL, NULL, NULL),
(5804, 37, 32, NULL, NULL, NULL, NULL),
(5805, 37, 38, NULL, NULL, NULL, NULL),
(5806, 37, 42, NULL, NULL, NULL, NULL),
(5807, 37, 46, NULL, NULL, NULL, NULL),
(5808, 37, 50, NULL, NULL, NULL, NULL),
(5809, 37, 54, NULL, NULL, NULL, NULL),
(5810, 37, 58, NULL, NULL, NULL, NULL),
(5811, 37, 62, NULL, NULL, NULL, NULL),
(5812, 37, 66, NULL, NULL, NULL, NULL),
(5813, 37, 74, NULL, NULL, NULL, NULL),
(5814, 37, 75, NULL, NULL, NULL, NULL),
(5815, 37, 82, NULL, NULL, NULL, NULL),
(5816, 37, 86, NULL, NULL, NULL, NULL),
(5817, 37, 90, NULL, NULL, NULL, NULL),
(5818, 37, 94, NULL, NULL, NULL, NULL),
(5819, 37, 98, NULL, NULL, NULL, NULL),
(5820, 37, 102, NULL, NULL, NULL, NULL),
(5821, 37, 106, NULL, NULL, NULL, NULL),
(5822, 37, 110, NULL, NULL, NULL, NULL),
(5823, 37, 114, NULL, NULL, NULL, NULL),
(5824, 37, 118, NULL, NULL, NULL, NULL),
(5825, 37, 122, NULL, NULL, NULL, NULL),
(5826, 37, 126, NULL, NULL, NULL, NULL),
(5827, 37, 130, NULL, NULL, NULL, NULL),
(5828, 37, 134, NULL, NULL, NULL, NULL),
(5829, 37, 138, NULL, NULL, NULL, NULL),
(5830, 37, 146, NULL, NULL, NULL, NULL),
(5831, 37, 150, NULL, NULL, NULL, NULL),
(5832, 37, 154, NULL, NULL, NULL, NULL),
(5833, 37, 158, NULL, NULL, NULL, NULL),
(5834, 37, 162, NULL, NULL, NULL, NULL),
(5835, 37, 166, NULL, NULL, NULL, NULL),
(5836, 37, 142, NULL, NULL, NULL, NULL),
(5837, 37, 170, NULL, NULL, NULL, NULL),
(5838, 37, 174, NULL, NULL, NULL, NULL),
(5839, 37, 178, NULL, NULL, NULL, NULL),
(5840, 37, 182, NULL, NULL, NULL, NULL),
(5841, 37, 186, NULL, NULL, NULL, NULL),
(5842, 37, 190, NULL, NULL, NULL, NULL),
(5843, 37, 194, NULL, NULL, NULL, NULL),
(5844, 37, 198, NULL, NULL, NULL, NULL),
(5845, 37, 202, NULL, NULL, NULL, NULL),
(5846, 37, 206, NULL, NULL, NULL, NULL),
(5847, 37, 210, NULL, NULL, NULL, NULL),
(5848, 37, 214, NULL, NULL, NULL, NULL),
(5849, 37, 218, NULL, NULL, NULL, NULL),
(5850, 37, 222, NULL, NULL, NULL, NULL),
(5851, 37, 226, NULL, NULL, NULL, NULL),
(5852, 37, 230, NULL, NULL, NULL, NULL),
(5853, 37, 234, NULL, NULL, NULL, NULL),
(5854, 37, 238, NULL, NULL, NULL, NULL),
(5855, 37, 242, NULL, NULL, NULL, NULL),
(5856, 37, 246, NULL, NULL, NULL, NULL),
(5857, 37, 250, NULL, NULL, NULL, NULL),
(5858, 37, 254, NULL, NULL, NULL, NULL),
(5859, 37, 258, NULL, NULL, NULL, NULL),
(5860, 37, 262, NULL, NULL, NULL, NULL),
(5861, 37, 266, NULL, NULL, NULL, NULL),
(5862, 37, 270, NULL, NULL, NULL, NULL),
(5863, 37, 274, NULL, NULL, NULL, NULL),
(5864, 37, 278, NULL, NULL, NULL, NULL),
(5865, 37, 282, NULL, NULL, NULL, NULL),
(5866, 15, 13, NULL, NULL, NULL, NULL),
(5867, 15, 17, NULL, NULL, NULL, NULL),
(5868, 15, 21, NULL, NULL, NULL, NULL),
(5869, 15, 11, NULL, NULL, NULL, NULL),
(5870, 15, 7, NULL, NULL, NULL, NULL),
(5871, 15, 4, NULL, NULL, NULL, NULL),
(5872, 15, 25, NULL, NULL, NULL, NULL),
(5873, 15, 31, NULL, NULL, NULL, NULL),
(5874, 15, 35, NULL, NULL, NULL, NULL),
(5875, 15, 42, NULL, NULL, NULL, NULL),
(5876, 15, 45, NULL, NULL, NULL, NULL),
(5877, 15, 49, NULL, NULL, NULL, NULL),
(5878, 15, 53, NULL, NULL, NULL, NULL),
(5879, 15, 57, NULL, NULL, NULL, NULL),
(5880, 15, 61, NULL, NULL, NULL, NULL),
(5881, 15, 66, NULL, NULL, NULL, NULL),
(5882, 15, 73, NULL, NULL, NULL, NULL),
(5883, 15, 75, NULL, NULL, NULL, NULL),
(5884, 15, 79, NULL, NULL, NULL, NULL),
(5885, 15, 86, NULL, NULL, NULL, NULL),
(5886, 15, 90, NULL, NULL, NULL, NULL),
(5887, 15, 94, NULL, NULL, NULL, NULL),
(5888, 15, 98, NULL, NULL, NULL, NULL),
(5889, 15, 102, NULL, NULL, NULL, NULL),
(5890, 15, 106, NULL, NULL, NULL, NULL),
(5891, 15, 110, NULL, NULL, NULL, NULL),
(5892, 15, 114, NULL, NULL, NULL, NULL),
(5893, 15, 118, NULL, NULL, NULL, NULL),
(5894, 15, 122, NULL, NULL, NULL, NULL),
(5895, 15, 126, NULL, NULL, NULL, NULL),
(5896, 15, 130, NULL, NULL, NULL, NULL),
(5897, 15, 134, NULL, NULL, NULL, NULL),
(5898, 15, 138, NULL, NULL, NULL, NULL),
(5899, 15, 145, NULL, NULL, NULL, NULL),
(5900, 15, 150, NULL, NULL, NULL, NULL),
(5901, 15, 153, NULL, NULL, NULL, NULL),
(5902, 15, 158, NULL, NULL, NULL, NULL),
(5903, 15, 161, NULL, NULL, NULL, NULL),
(5904, 15, 166, NULL, NULL, NULL, NULL),
(5905, 15, 139, NULL, NULL, NULL, NULL),
(5906, 15, 170, NULL, NULL, NULL, NULL),
(5907, 15, 174, NULL, NULL, NULL, NULL),
(5908, 15, 178, NULL, NULL, NULL, NULL),
(5909, 15, 182, NULL, NULL, NULL, NULL),
(5910, 15, 186, NULL, NULL, NULL, NULL),
(5911, 15, 190, NULL, NULL, NULL, NULL),
(5912, 15, 194, NULL, NULL, NULL, NULL),
(5913, 15, 198, NULL, NULL, NULL, NULL),
(5914, 15, 202, NULL, NULL, NULL, NULL),
(5915, 15, 206, NULL, NULL, NULL, NULL),
(5916, 15, 210, NULL, NULL, NULL, NULL),
(5917, 15, 214, NULL, NULL, NULL, NULL),
(5918, 15, 218, NULL, NULL, NULL, NULL),
(5919, 15, 222, NULL, NULL, NULL, NULL),
(5920, 15, 226, NULL, NULL, NULL, NULL),
(5921, 15, 230, NULL, NULL, NULL, NULL),
(5922, 15, 234, NULL, NULL, NULL, NULL),
(5923, 15, 238, NULL, NULL, NULL, NULL),
(5924, 15, 242, NULL, NULL, NULL, NULL),
(5925, 15, 246, NULL, NULL, NULL, NULL),
(5926, 15, 250, NULL, NULL, NULL, NULL),
(5927, 15, 254, NULL, NULL, NULL, NULL),
(5928, 15, 258, NULL, NULL, NULL, NULL),
(5929, 15, 262, NULL, NULL, NULL, NULL),
(5930, 15, 266, NULL, NULL, NULL, NULL),
(5931, 15, 270, NULL, NULL, NULL, NULL),
(5932, 15, 274, NULL, NULL, NULL, NULL),
(5933, 15, 278, NULL, NULL, NULL, NULL),
(5934, 15, 282, NULL, NULL, NULL, NULL),
(6142, 29, 16, NULL, NULL, NULL, NULL),
(6143, 29, 20, NULL, NULL, NULL, NULL),
(6144, 29, 24, NULL, NULL, NULL, NULL),
(6145, 29, 12, NULL, NULL, NULL, NULL),
(6146, 29, 8, NULL, NULL, NULL, NULL),
(6147, 29, 4, NULL, NULL, NULL, NULL),
(6148, 29, 30, NULL, NULL, NULL, NULL),
(6149, 29, 34, NULL, NULL, NULL, NULL),
(6150, 29, 38, NULL, NULL, NULL, NULL),
(6151, 29, 42, NULL, NULL, NULL, NULL),
(6152, 29, 46, NULL, NULL, NULL, NULL),
(6153, 29, 50, NULL, NULL, NULL, NULL),
(6154, 29, 54, NULL, NULL, NULL, NULL),
(6155, 29, 58, NULL, NULL, NULL, NULL),
(6156, 29, 62, NULL, NULL, NULL, NULL),
(6157, 29, 66, NULL, NULL, NULL, NULL),
(6158, 29, 74, NULL, NULL, NULL, NULL),
(6159, 29, 78, NULL, NULL, NULL, NULL),
(6160, 29, 82, NULL, NULL, NULL, NULL),
(6161, 29, 86, NULL, NULL, NULL, NULL),
(6162, 29, 90, NULL, NULL, NULL, NULL),
(6163, 29, 94, NULL, NULL, NULL, NULL),
(6164, 29, 98, NULL, NULL, NULL, NULL),
(6165, 29, 102, NULL, NULL, NULL, NULL),
(6166, 29, 106, NULL, NULL, NULL, NULL),
(6167, 29, 110, NULL, NULL, NULL, NULL),
(6168, 29, 114, NULL, NULL, NULL, NULL),
(6169, 29, 118, NULL, NULL, NULL, NULL),
(6170, 29, 122, NULL, NULL, NULL, NULL),
(6171, 29, 126, NULL, NULL, NULL, NULL),
(6172, 29, 130, NULL, NULL, NULL, NULL),
(6173, 29, 134, NULL, NULL, NULL, NULL),
(6174, 29, 138, NULL, NULL, NULL, NULL),
(6175, 29, 146, NULL, NULL, NULL, NULL),
(6176, 29, 150, NULL, NULL, NULL, NULL),
(6177, 29, 154, NULL, NULL, NULL, NULL),
(6178, 29, 158, NULL, NULL, NULL, NULL),
(6179, 29, 162, NULL, NULL, NULL, NULL),
(6180, 29, 166, NULL, NULL, NULL, NULL),
(6181, 29, 142, NULL, NULL, NULL, NULL),
(6182, 29, 170, NULL, NULL, NULL, NULL),
(6183, 29, 174, NULL, NULL, NULL, NULL),
(6184, 29, 178, NULL, NULL, NULL, NULL),
(6185, 29, 182, NULL, NULL, NULL, NULL),
(6186, 29, 186, NULL, NULL, NULL, NULL),
(6187, 29, 190, NULL, NULL, NULL, NULL),
(6188, 29, 194, NULL, NULL, NULL, NULL),
(6189, 29, 198, NULL, NULL, NULL, NULL),
(6190, 29, 202, NULL, NULL, NULL, NULL),
(6191, 29, 206, NULL, NULL, NULL, NULL),
(6192, 29, 210, NULL, NULL, NULL, NULL),
(6193, 29, 214, NULL, NULL, NULL, NULL),
(6194, 29, 218, NULL, NULL, NULL, NULL),
(6195, 29, 222, NULL, NULL, NULL, NULL),
(6196, 29, 226, NULL, NULL, NULL, NULL),
(6197, 29, 230, NULL, NULL, NULL, NULL),
(6198, 29, 234, NULL, NULL, NULL, NULL),
(6199, 29, 238, NULL, NULL, NULL, NULL),
(6200, 29, 242, NULL, NULL, NULL, NULL),
(6201, 29, 246, NULL, NULL, NULL, NULL),
(6202, 29, 250, NULL, NULL, NULL, NULL),
(6203, 29, 254, NULL, NULL, NULL, NULL),
(6204, 29, 258, NULL, NULL, NULL, NULL),
(6205, 29, 262, NULL, NULL, NULL, NULL),
(6206, 29, 266, NULL, NULL, NULL, NULL),
(6207, 29, 270, NULL, NULL, NULL, NULL),
(6208, 29, 274, NULL, NULL, NULL, NULL),
(6209, 29, 278, NULL, NULL, NULL, NULL),
(6210, 29, 282, NULL, NULL, NULL, NULL),
(6280, 23, 16, NULL, NULL, NULL, NULL),
(6281, 23, 20, NULL, NULL, NULL, NULL),
(6282, 23, 24, NULL, NULL, NULL, NULL),
(6283, 23, 12, NULL, NULL, NULL, NULL),
(6284, 23, 8, NULL, NULL, NULL, NULL),
(6285, 23, 4, NULL, NULL, NULL, NULL),
(6286, 23, 30, NULL, NULL, NULL, NULL),
(6287, 23, 34, NULL, NULL, NULL, NULL),
(6288, 23, 38, NULL, NULL, NULL, NULL),
(6289, 23, 42, NULL, NULL, NULL, NULL),
(6290, 23, 46, NULL, NULL, NULL, NULL),
(6291, 23, 50, NULL, NULL, NULL, NULL),
(6292, 23, 54, NULL, NULL, NULL, NULL),
(6293, 23, 58, NULL, NULL, NULL, NULL),
(6294, 23, 62, NULL, NULL, NULL, NULL),
(6295, 23, 66, NULL, NULL, NULL, NULL),
(6296, 23, 74, NULL, NULL, NULL, NULL),
(6297, 23, 78, NULL, NULL, NULL, NULL),
(6298, 23, 82, NULL, NULL, NULL, NULL),
(6299, 23, 86, NULL, NULL, NULL, NULL),
(6300, 23, 90, NULL, NULL, NULL, NULL),
(6301, 23, 94, NULL, NULL, NULL, NULL),
(6302, 23, 98, NULL, NULL, NULL, NULL),
(6303, 23, 102, NULL, NULL, NULL, NULL),
(6304, 23, 106, NULL, NULL, NULL, NULL),
(6305, 23, 110, NULL, NULL, NULL, NULL),
(6306, 23, 114, NULL, NULL, NULL, NULL),
(6307, 23, 118, NULL, NULL, NULL, NULL),
(6308, 23, 122, NULL, NULL, NULL, NULL),
(6309, 23, 126, NULL, NULL, NULL, NULL),
(6310, 23, 130, NULL, NULL, NULL, NULL),
(6311, 23, 134, NULL, NULL, NULL, NULL),
(6312, 23, 138, NULL, NULL, NULL, NULL),
(6313, 23, 146, NULL, NULL, NULL, NULL),
(6314, 23, 150, NULL, NULL, NULL, NULL),
(6315, 23, 154, NULL, NULL, NULL, NULL),
(6316, 23, 158, NULL, NULL, NULL, NULL),
(6317, 23, 162, NULL, NULL, NULL, NULL),
(6318, 23, 166, NULL, NULL, NULL, NULL),
(6319, 23, 142, NULL, NULL, NULL, NULL),
(6320, 23, 170, NULL, NULL, NULL, NULL),
(6321, 23, 174, NULL, NULL, NULL, NULL),
(6322, 23, 178, NULL, NULL, NULL, NULL),
(6323, 23, 182, NULL, NULL, NULL, NULL),
(6324, 23, 186, NULL, NULL, NULL, NULL),
(6325, 23, 190, NULL, NULL, NULL, NULL),
(6326, 23, 194, NULL, NULL, NULL, NULL),
(6327, 23, 198, NULL, NULL, NULL, NULL),
(6328, 23, 202, NULL, NULL, NULL, NULL),
(6329, 23, 206, NULL, NULL, NULL, NULL),
(6330, 23, 210, NULL, NULL, NULL, NULL),
(6331, 23, 214, NULL, NULL, NULL, NULL),
(6332, 23, 218, NULL, NULL, NULL, NULL),
(6333, 23, 222, NULL, NULL, NULL, NULL),
(6334, 23, 226, NULL, NULL, NULL, NULL),
(6335, 23, 230, NULL, NULL, NULL, NULL),
(6336, 23, 234, NULL, NULL, NULL, NULL),
(6337, 23, 238, NULL, NULL, NULL, NULL),
(6338, 23, 242, NULL, NULL, NULL, NULL),
(6339, 23, 246, NULL, NULL, NULL, NULL),
(6340, 23, 250, NULL, NULL, NULL, NULL),
(6341, 23, 254, NULL, NULL, NULL, NULL),
(6342, 23, 258, NULL, NULL, NULL, NULL),
(6343, 23, 262, NULL, NULL, NULL, NULL),
(6344, 23, 266, NULL, NULL, NULL, NULL),
(6345, 23, 270, NULL, NULL, NULL, NULL),
(6346, 23, 274, NULL, NULL, NULL, NULL),
(6347, 23, 278, NULL, NULL, NULL, NULL),
(6348, 23, 282, NULL, NULL, NULL, NULL),
(6418, 34, 16, NULL, NULL, NULL, NULL),
(6419, 34, 20, NULL, NULL, NULL, NULL),
(6420, 34, 24, NULL, NULL, NULL, NULL),
(6421, 34, 12, NULL, NULL, NULL, NULL),
(6422, 34, 8, NULL, NULL, NULL, NULL),
(6423, 34, 4, NULL, NULL, NULL, NULL),
(6424, 34, 30, NULL, NULL, NULL, NULL),
(6425, 34, 34, NULL, NULL, NULL, NULL),
(6426, 34, 38, NULL, NULL, NULL, NULL),
(6427, 34, 42, NULL, NULL, NULL, NULL),
(6428, 34, 46, NULL, NULL, NULL, NULL),
(6429, 34, 50, NULL, NULL, NULL, NULL),
(6430, 34, 54, NULL, NULL, NULL, NULL),
(6431, 34, 58, NULL, NULL, NULL, NULL),
(6432, 34, 62, NULL, NULL, NULL, NULL),
(6433, 34, 66, NULL, NULL, NULL, NULL),
(6434, 34, 74, NULL, NULL, NULL, NULL),
(6435, 34, 78, NULL, NULL, NULL, NULL),
(6436, 34, 82, NULL, NULL, NULL, NULL),
(6437, 34, 85, NULL, NULL, NULL, NULL),
(6438, 34, 89, NULL, NULL, NULL, NULL),
(6439, 34, 94, NULL, NULL, NULL, NULL),
(6440, 34, 98, NULL, NULL, NULL, NULL),
(6441, 34, 102, NULL, NULL, NULL, NULL),
(6442, 34, 106, NULL, NULL, NULL, NULL),
(6443, 34, 110, NULL, NULL, NULL, NULL),
(6444, 34, 114, NULL, NULL, NULL, NULL),
(6445, 34, 118, NULL, NULL, NULL, NULL),
(6446, 34, 122, NULL, NULL, NULL, NULL),
(6447, 34, 126, NULL, NULL, NULL, NULL),
(6448, 34, 130, NULL, NULL, NULL, NULL),
(6449, 34, 134, NULL, NULL, NULL, NULL),
(6450, 34, 138, NULL, NULL, NULL, NULL),
(6451, 34, 146, NULL, NULL, NULL, NULL),
(6452, 34, 150, NULL, NULL, NULL, NULL),
(6453, 34, 154, NULL, NULL, NULL, NULL),
(6454, 34, 158, NULL, NULL, NULL, NULL),
(6455, 34, 162, NULL, NULL, NULL, NULL),
(6456, 34, 166, NULL, NULL, NULL, NULL),
(6457, 34, 142, NULL, NULL, NULL, NULL),
(6458, 34, 170, NULL, NULL, NULL, NULL),
(6459, 34, 174, NULL, NULL, NULL, NULL),
(6460, 34, 178, NULL, NULL, NULL, NULL),
(6461, 34, 182, NULL, NULL, NULL, NULL),
(6462, 34, 186, NULL, NULL, NULL, NULL),
(6463, 34, 190, NULL, NULL, NULL, NULL),
(6464, 34, 194, NULL, NULL, NULL, NULL),
(6465, 34, 198, NULL, NULL, NULL, NULL),
(6466, 34, 202, NULL, NULL, NULL, NULL),
(6467, 34, 206, NULL, NULL, NULL, NULL),
(6468, 34, 210, NULL, NULL, NULL, NULL),
(6469, 34, 214, NULL, NULL, NULL, NULL),
(6470, 34, 218, NULL, NULL, NULL, NULL),
(6471, 34, 222, NULL, NULL, NULL, NULL),
(6472, 34, 226, NULL, NULL, NULL, NULL),
(6473, 34, 230, NULL, NULL, NULL, NULL),
(6474, 34, 234, NULL, NULL, NULL, NULL),
(6475, 34, 238, NULL, NULL, NULL, NULL),
(6476, 34, 242, NULL, NULL, NULL, NULL),
(6477, 34, 246, NULL, NULL, NULL, NULL),
(6478, 34, 250, NULL, NULL, NULL, NULL),
(6479, 34, 254, NULL, NULL, NULL, NULL),
(6480, 34, 258, NULL, NULL, NULL, NULL),
(6481, 34, 262, NULL, NULL, NULL, NULL),
(6482, 34, 266, NULL, NULL, NULL, NULL),
(6483, 34, 270, NULL, NULL, NULL, NULL),
(6484, 34, 274, NULL, NULL, NULL, NULL),
(6485, 34, 278, NULL, NULL, NULL, NULL),
(6486, 34, 282, NULL, NULL, NULL, NULL),
(6487, 38, 16, NULL, NULL, NULL, NULL),
(6488, 38, 20, NULL, NULL, NULL, NULL),
(6489, 38, 24, NULL, NULL, NULL, NULL),
(6490, 38, 12, NULL, NULL, NULL, NULL),
(6491, 38, 8, NULL, NULL, NULL, NULL),
(6492, 38, 4, NULL, NULL, NULL, NULL),
(6493, 38, 30, NULL, NULL, NULL, NULL),
(6494, 38, 34, NULL, NULL, NULL, NULL),
(6495, 38, 38, NULL, NULL, NULL, NULL),
(6496, 38, 42, NULL, NULL, NULL, NULL),
(6497, 38, 46, NULL, NULL, NULL, NULL),
(6498, 38, 50, NULL, NULL, NULL, NULL),
(6499, 38, 54, NULL, NULL, NULL, NULL),
(6500, 38, 58, NULL, NULL, NULL, NULL),
(6501, 38, 62, NULL, NULL, NULL, NULL),
(6502, 38, 66, NULL, NULL, NULL, NULL),
(6503, 38, 74, NULL, NULL, NULL, NULL),
(6504, 38, 78, NULL, NULL, NULL, NULL),
(6505, 38, 82, NULL, NULL, NULL, NULL),
(6506, 38, 86, NULL, NULL, NULL, NULL),
(6507, 38, 90, NULL, NULL, NULL, NULL),
(6508, 38, 94, NULL, NULL, NULL, NULL),
(6509, 38, 98, NULL, NULL, NULL, NULL),
(6510, 38, 102, NULL, NULL, NULL, NULL),
(6511, 38, 106, NULL, NULL, NULL, NULL),
(6512, 38, 110, NULL, NULL, NULL, NULL),
(6513, 38, 114, NULL, NULL, NULL, NULL),
(6514, 38, 118, NULL, NULL, NULL, NULL),
(6515, 38, 122, NULL, NULL, NULL, NULL),
(6516, 38, 126, NULL, NULL, NULL, NULL),
(6517, 38, 130, NULL, NULL, NULL, NULL),
(6518, 38, 134, NULL, NULL, NULL, NULL),
(6519, 38, 138, NULL, NULL, NULL, NULL),
(6520, 38, 146, NULL, NULL, NULL, NULL),
(6521, 38, 150, NULL, NULL, NULL, NULL),
(6522, 38, 154, NULL, NULL, NULL, NULL),
(6523, 38, 158, NULL, NULL, NULL, NULL),
(6524, 38, 162, NULL, NULL, NULL, NULL),
(6525, 38, 166, NULL, NULL, NULL, NULL),
(6526, 38, 142, NULL, NULL, NULL, NULL),
(6527, 38, 170, NULL, NULL, NULL, NULL),
(6528, 38, 174, NULL, NULL, NULL, NULL),
(6529, 38, 178, NULL, NULL, NULL, NULL),
(6530, 38, 182, NULL, NULL, NULL, NULL),
(6531, 38, 186, NULL, NULL, NULL, NULL),
(6532, 38, 190, NULL, NULL, NULL, NULL),
(6533, 38, 194, NULL, NULL, NULL, NULL),
(6534, 38, 198, NULL, NULL, NULL, NULL),
(6535, 38, 202, NULL, NULL, NULL, NULL),
(6536, 38, 206, NULL, NULL, NULL, NULL),
(6537, 38, 210, NULL, NULL, NULL, NULL),
(6538, 38, 214, NULL, NULL, NULL, NULL),
(6539, 38, 218, NULL, NULL, NULL, NULL),
(6540, 38, 222, NULL, NULL, NULL, NULL),
(6541, 38, 226, NULL, NULL, NULL, NULL),
(6542, 38, 230, NULL, NULL, NULL, NULL),
(6543, 38, 234, NULL, NULL, NULL, NULL),
(6544, 38, 238, NULL, NULL, NULL, NULL),
(6545, 38, 242, NULL, NULL, NULL, NULL),
(6546, 38, 246, NULL, NULL, NULL, NULL),
(6547, 38, 250, NULL, NULL, NULL, NULL),
(6548, 38, 254, NULL, NULL, NULL, NULL),
(6549, 38, 258, NULL, NULL, NULL, NULL),
(6550, 38, 262, NULL, NULL, NULL, NULL),
(6551, 38, 266, NULL, NULL, NULL, NULL),
(6552, 38, 270, NULL, NULL, NULL, NULL),
(6553, 38, 274, NULL, NULL, NULL, NULL),
(6554, 38, 278, NULL, NULL, NULL, NULL),
(6555, 38, 282, NULL, NULL, NULL, NULL),
(6625, 40, 15, NULL, NULL, NULL, NULL),
(6626, 40, 17, NULL, NULL, NULL, NULL),
(6627, 40, 23, NULL, NULL, NULL, NULL),
(6628, 40, 12, NULL, NULL, NULL, NULL),
(6629, 40, 8, NULL, NULL, NULL, NULL),
(6630, 40, 4, NULL, NULL, NULL, NULL),
(6631, 40, 30, NULL, NULL, NULL, NULL),
(6632, 40, 34, NULL, NULL, NULL, NULL),
(6633, 40, 38, NULL, NULL, NULL, NULL),
(6634, 40, 42, NULL, NULL, NULL, NULL),
(6635, 40, 46, NULL, NULL, NULL, NULL),
(6636, 40, 50, NULL, NULL, NULL, NULL),
(6637, 40, 54, NULL, NULL, NULL, NULL),
(6638, 40, 58, NULL, NULL, NULL, NULL),
(6639, 40, 62, NULL, NULL, NULL, NULL),
(6640, 40, 66, NULL, NULL, NULL, NULL),
(6641, 40, 74, NULL, NULL, NULL, NULL),
(6642, 40, 78, NULL, NULL, NULL, NULL),
(6643, 40, 82, NULL, NULL, NULL, NULL),
(6644, 40, 86, NULL, NULL, NULL, NULL),
(6645, 40, 90, NULL, NULL, NULL, NULL),
(6646, 40, 94, NULL, NULL, NULL, NULL),
(6647, 40, 98, NULL, NULL, NULL, NULL),
(6648, 40, 102, NULL, NULL, NULL, NULL),
(6649, 40, 106, NULL, NULL, NULL, NULL),
(6650, 40, 110, NULL, NULL, NULL, NULL),
(6651, 40, 114, NULL, NULL, NULL, NULL),
(6652, 40, 118, NULL, NULL, NULL, NULL),
(6653, 40, 122, NULL, NULL, NULL, NULL),
(6654, 40, 126, NULL, NULL, NULL, NULL),
(6655, 40, 130, NULL, NULL, NULL, NULL),
(6656, 40, 134, NULL, NULL, NULL, NULL),
(6657, 40, 138, NULL, NULL, NULL, NULL),
(6658, 40, 146, NULL, NULL, NULL, NULL),
(6659, 40, 150, NULL, NULL, NULL, NULL),
(6660, 40, 154, NULL, NULL, NULL, NULL),
(6661, 40, 158, NULL, NULL, NULL, NULL),
(6662, 40, 162, NULL, NULL, NULL, NULL),
(6663, 40, 166, NULL, NULL, NULL, NULL),
(6664, 40, 142, NULL, NULL, NULL, NULL),
(6665, 40, 170, NULL, NULL, NULL, NULL),
(6666, 40, 174, NULL, NULL, NULL, NULL),
(6667, 40, 178, NULL, NULL, NULL, NULL),
(6668, 40, 182, NULL, NULL, NULL, NULL),
(6669, 40, 186, NULL, NULL, NULL, NULL),
(6670, 40, 190, NULL, NULL, NULL, NULL),
(6671, 40, 194, NULL, NULL, NULL, NULL),
(6672, 40, 198, NULL, NULL, NULL, NULL),
(6673, 40, 202, NULL, NULL, NULL, NULL),
(6674, 40, 206, NULL, NULL, NULL, NULL),
(6675, 40, 210, NULL, NULL, NULL, NULL),
(6676, 40, 214, NULL, NULL, NULL, NULL),
(6677, 40, 218, NULL, NULL, NULL, NULL),
(6678, 40, 222, NULL, NULL, NULL, NULL),
(6679, 40, 226, NULL, NULL, NULL, NULL),
(6680, 40, 230, NULL, NULL, NULL, NULL),
(6681, 40, 234, NULL, NULL, NULL, NULL),
(6682, 40, 238, NULL, NULL, NULL, NULL),
(6683, 40, 242, NULL, NULL, NULL, NULL),
(6684, 40, 246, NULL, NULL, NULL, NULL),
(6685, 40, 250, NULL, NULL, NULL, NULL),
(6686, 40, 254, NULL, NULL, NULL, NULL),
(6687, 40, 258, NULL, NULL, NULL, NULL),
(6688, 40, 262, NULL, NULL, NULL, NULL),
(6689, 40, 266, NULL, NULL, NULL, NULL),
(6690, 40, 270, NULL, NULL, NULL, NULL),
(6691, 40, 274, NULL, NULL, NULL, NULL),
(6692, 40, 278, NULL, NULL, NULL, NULL),
(6693, 40, 282, NULL, NULL, NULL, NULL),
(6694, 41, 16, NULL, NULL, NULL, NULL),
(6695, 41, 20, NULL, NULL, NULL, NULL),
(6696, 41, 24, NULL, NULL, NULL, NULL),
(6697, 41, 12, NULL, NULL, NULL, NULL),
(6698, 41, 8, NULL, NULL, NULL, NULL),
(6699, 41, 4, NULL, NULL, NULL, NULL),
(6700, 41, 30, NULL, NULL, NULL, NULL),
(6701, 41, 34, NULL, NULL, NULL, NULL),
(6702, 41, 38, NULL, NULL, NULL, NULL),
(6703, 41, 42, NULL, NULL, NULL, NULL),
(6704, 41, 46, NULL, NULL, NULL, NULL),
(6705, 41, 50, NULL, NULL, NULL, NULL),
(6706, 41, 54, NULL, NULL, NULL, NULL),
(6707, 41, 58, NULL, NULL, NULL, NULL),
(6708, 41, 62, NULL, NULL, NULL, NULL),
(6709, 41, 66, NULL, NULL, NULL, NULL),
(6710, 41, 74, NULL, NULL, NULL, NULL),
(6711, 41, 78, NULL, NULL, NULL, NULL),
(6712, 41, 82, NULL, NULL, NULL, NULL),
(6713, 41, 86, NULL, NULL, NULL, NULL),
(6714, 41, 90, NULL, NULL, NULL, NULL),
(6715, 41, 94, NULL, NULL, NULL, NULL),
(6716, 41, 98, NULL, NULL, NULL, NULL),
(6717, 41, 102, NULL, NULL, NULL, NULL),
(6718, 41, 106, NULL, NULL, NULL, NULL),
(6719, 41, 110, NULL, NULL, NULL, NULL),
(6720, 41, 114, NULL, NULL, NULL, NULL),
(6721, 41, 118, NULL, NULL, NULL, NULL),
(6722, 41, 122, NULL, NULL, NULL, NULL),
(6723, 41, 126, NULL, NULL, NULL, NULL),
(6724, 41, 130, NULL, NULL, NULL, NULL),
(6725, 41, 134, NULL, NULL, NULL, NULL),
(6726, 41, 138, NULL, NULL, NULL, NULL),
(6727, 41, 146, NULL, NULL, NULL, NULL),
(6728, 41, 150, NULL, NULL, NULL, NULL),
(6729, 41, 154, NULL, NULL, NULL, NULL),
(6730, 41, 158, NULL, NULL, NULL, NULL),
(6731, 41, 162, NULL, NULL, NULL, NULL),
(6732, 41, 166, NULL, NULL, NULL, NULL),
(6733, 41, 142, NULL, NULL, NULL, NULL),
(6734, 41, 170, NULL, NULL, NULL, NULL),
(6735, 41, 174, NULL, NULL, NULL, NULL),
(6736, 41, 178, NULL, NULL, NULL, NULL),
(6737, 41, 182, NULL, NULL, NULL, NULL),
(6738, 41, 186, NULL, NULL, NULL, NULL),
(6739, 41, 190, NULL, NULL, NULL, NULL),
(6740, 41, 194, NULL, NULL, NULL, NULL),
(6741, 41, 198, NULL, NULL, NULL, NULL),
(6742, 41, 202, NULL, NULL, NULL, NULL);
INSERT INTO `answer_candidate` (`id`, `candidate_id`, `answer_id`, `created_at`, `updated_at`, `comment`, `summary`) VALUES
(6743, 41, 206, NULL, NULL, NULL, NULL),
(6744, 41, 210, NULL, NULL, NULL, NULL),
(6745, 41, 214, NULL, NULL, NULL, NULL),
(6746, 41, 218, NULL, NULL, NULL, NULL),
(6747, 41, 222, NULL, NULL, NULL, NULL),
(6748, 41, 226, NULL, NULL, NULL, NULL),
(6749, 41, 230, NULL, NULL, NULL, NULL),
(6750, 41, 234, NULL, NULL, NULL, NULL),
(6751, 41, 238, NULL, NULL, NULL, NULL),
(6752, 41, 242, NULL, NULL, NULL, NULL),
(6753, 41, 246, NULL, NULL, NULL, NULL),
(6754, 41, 250, NULL, NULL, NULL, NULL),
(6755, 41, 254, NULL, NULL, NULL, NULL),
(6756, 41, 258, NULL, NULL, NULL, NULL),
(6757, 41, 262, NULL, NULL, NULL, NULL),
(6758, 41, 266, NULL, NULL, NULL, NULL),
(6759, 41, 270, NULL, NULL, NULL, NULL),
(6760, 41, 274, NULL, NULL, NULL, NULL),
(6761, 41, 278, NULL, NULL, NULL, NULL),
(6762, 41, 282, NULL, NULL, NULL, NULL),
(6763, 42, 15, NULL, NULL, NULL, NULL),
(6764, 42, 19, NULL, NULL, NULL, NULL),
(6765, 42, 21, NULL, NULL, NULL, NULL),
(6766, 42, 10, NULL, NULL, NULL, NULL),
(6767, 42, 6, NULL, NULL, NULL, NULL),
(6768, 42, 2, NULL, NULL, NULL, NULL),
(6769, 42, 30, NULL, NULL, NULL, NULL),
(6770, 42, 34, NULL, NULL, NULL, NULL),
(6771, 42, 38, NULL, NULL, NULL, NULL),
(6772, 42, 42, NULL, NULL, NULL, NULL),
(6773, 42, 46, NULL, NULL, NULL, NULL),
(6774, 42, 50, NULL, NULL, NULL, NULL),
(6775, 42, 54, NULL, NULL, NULL, NULL),
(6776, 42, 58, NULL, NULL, NULL, NULL),
(6777, 42, 62, NULL, NULL, NULL, NULL),
(6778, 42, 66, NULL, NULL, NULL, NULL),
(6779, 42, 74, NULL, NULL, NULL, NULL),
(6780, 42, 78, NULL, NULL, NULL, NULL),
(6781, 42, 82, NULL, NULL, NULL, NULL),
(6782, 42, 86, NULL, NULL, NULL, NULL),
(6783, 42, 90, NULL, NULL, NULL, NULL),
(6784, 42, 94, NULL, NULL, NULL, NULL),
(6785, 42, 98, NULL, NULL, NULL, NULL),
(6786, 42, 102, NULL, NULL, NULL, NULL),
(6787, 42, 106, NULL, NULL, NULL, NULL),
(6788, 42, 110, NULL, NULL, NULL, NULL),
(6789, 42, 114, NULL, NULL, NULL, NULL),
(6790, 42, 118, NULL, NULL, NULL, NULL),
(6791, 42, 122, NULL, NULL, NULL, NULL),
(6792, 42, 126, NULL, NULL, NULL, NULL),
(6793, 42, 130, NULL, NULL, NULL, NULL),
(6794, 42, 134, NULL, NULL, NULL, NULL),
(6795, 42, 138, NULL, NULL, NULL, NULL),
(6796, 42, 146, NULL, NULL, NULL, NULL),
(6797, 42, 150, NULL, NULL, NULL, NULL),
(6798, 42, 154, NULL, NULL, NULL, NULL),
(6799, 42, 158, NULL, NULL, NULL, NULL),
(6800, 42, 162, NULL, NULL, NULL, NULL),
(6801, 42, 166, NULL, NULL, NULL, NULL),
(6802, 42, 142, NULL, NULL, NULL, NULL),
(6803, 42, 170, NULL, NULL, NULL, NULL),
(6804, 42, 174, NULL, NULL, NULL, NULL),
(6805, 42, 178, NULL, NULL, NULL, NULL),
(6806, 42, 182, NULL, NULL, NULL, NULL),
(6807, 42, 186, NULL, NULL, NULL, NULL),
(6808, 42, 190, NULL, NULL, NULL, NULL),
(6809, 42, 194, NULL, NULL, NULL, NULL),
(6810, 42, 198, NULL, NULL, NULL, NULL),
(6811, 42, 202, NULL, NULL, NULL, NULL),
(6812, 42, 206, NULL, NULL, NULL, NULL),
(6813, 42, 210, NULL, NULL, NULL, NULL),
(6814, 42, 214, NULL, NULL, NULL, NULL),
(6815, 42, 218, NULL, NULL, NULL, NULL),
(6816, 42, 222, NULL, NULL, NULL, NULL),
(6817, 42, 226, NULL, NULL, NULL, NULL),
(6818, 42, 230, NULL, NULL, NULL, NULL),
(6819, 42, 234, NULL, NULL, NULL, NULL),
(6820, 42, 238, NULL, NULL, NULL, NULL),
(6821, 42, 242, NULL, NULL, NULL, NULL),
(6822, 42, 246, NULL, NULL, NULL, NULL),
(6823, 42, 250, NULL, NULL, NULL, NULL),
(6824, 42, 254, NULL, NULL, NULL, NULL),
(6825, 42, 258, NULL, NULL, NULL, NULL),
(6826, 42, 262, NULL, NULL, NULL, NULL),
(6827, 42, 266, NULL, NULL, NULL, NULL),
(6828, 42, 270, NULL, NULL, NULL, NULL),
(6829, 42, 274, NULL, NULL, NULL, NULL),
(6830, 42, 278, NULL, NULL, NULL, NULL),
(6831, 42, 282, NULL, NULL, NULL, NULL),
(6849, 39, 13, NULL, NULL, NULL, NULL),
(6850, 39, 78, NULL, NULL, NULL, NULL),
(6851, 39, 17, NULL, NULL, NULL, NULL),
(6852, 39, 82, NULL, NULL, NULL, NULL),
(6853, 39, 21, NULL, NULL, NULL, NULL),
(6854, 39, 86, NULL, NULL, NULL, NULL),
(6855, 39, 9, NULL, NULL, NULL, NULL),
(6856, 39, 90, NULL, NULL, NULL, NULL),
(6857, 39, 6, NULL, NULL, NULL, NULL),
(6858, 39, 94, NULL, NULL, NULL, NULL),
(6859, 39, 1, NULL, NULL, NULL, NULL),
(6860, 39, 98, NULL, NULL, NULL, NULL),
(6861, 39, 30, NULL, NULL, NULL, NULL),
(6862, 39, 102, NULL, NULL, NULL, NULL),
(6863, 39, 34, NULL, NULL, NULL, NULL),
(6864, 39, 106, NULL, NULL, NULL, NULL),
(6865, 39, 38, NULL, NULL, NULL, NULL),
(6866, 39, 110, NULL, NULL, NULL, NULL),
(6867, 39, 42, NULL, NULL, NULL, NULL),
(6868, 39, 114, NULL, NULL, NULL, NULL),
(6869, 39, 46, NULL, NULL, NULL, NULL),
(6870, 39, 118, NULL, NULL, NULL, NULL),
(6871, 39, 50, NULL, NULL, NULL, NULL),
(6872, 39, 122, NULL, NULL, NULL, NULL),
(6873, 39, 54, NULL, NULL, NULL, NULL),
(6874, 39, 126, NULL, NULL, NULL, NULL),
(6875, 39, 58, NULL, NULL, NULL, NULL),
(6876, 39, 130, NULL, NULL, NULL, NULL),
(6877, 39, 62, NULL, NULL, NULL, NULL),
(6878, 39, 134, NULL, NULL, NULL, NULL),
(6879, 39, 66, NULL, NULL, NULL, NULL),
(6880, 39, 138, NULL, NULL, NULL, NULL),
(6881, 39, 74, NULL, NULL, NULL, NULL),
(6882, 39, 146, NULL, NULL, NULL, NULL),
(6883, 39, 78, NULL, NULL, NULL, NULL),
(6884, 39, 150, NULL, NULL, NULL, NULL),
(6885, 39, 82, NULL, NULL, NULL, NULL),
(6886, 39, 154, NULL, NULL, NULL, NULL),
(6887, 39, 86, NULL, NULL, NULL, NULL),
(6888, 39, 158, NULL, NULL, NULL, NULL),
(6889, 39, 90, NULL, NULL, NULL, NULL),
(6890, 39, 162, NULL, NULL, NULL, NULL),
(6891, 39, 94, NULL, NULL, NULL, NULL),
(6892, 39, 166, NULL, NULL, NULL, NULL),
(6893, 39, 98, NULL, NULL, NULL, NULL),
(6894, 39, 142, NULL, NULL, NULL, NULL),
(6895, 39, 102, NULL, NULL, NULL, NULL),
(6896, 39, 106, NULL, NULL, NULL, NULL),
(6897, 39, 170, NULL, NULL, NULL, NULL),
(6898, 39, 110, NULL, NULL, NULL, NULL),
(6899, 39, 174, NULL, NULL, NULL, NULL),
(6900, 39, 114, NULL, NULL, NULL, NULL),
(6901, 39, 178, NULL, NULL, NULL, NULL),
(6902, 39, 118, NULL, NULL, NULL, NULL),
(6903, 39, 182, NULL, NULL, NULL, NULL),
(6904, 39, 186, NULL, NULL, NULL, NULL),
(6905, 39, 122, NULL, NULL, NULL, NULL),
(6906, 39, 126, NULL, NULL, NULL, NULL),
(6907, 39, 190, NULL, NULL, NULL, NULL),
(6908, 39, 130, NULL, NULL, NULL, NULL),
(6909, 39, 194, NULL, NULL, NULL, NULL),
(6910, 39, 134, NULL, NULL, NULL, NULL),
(6911, 39, 198, NULL, NULL, NULL, NULL),
(6912, 39, 138, NULL, NULL, NULL, NULL),
(6913, 39, 202, NULL, NULL, NULL, NULL),
(6914, 39, 146, NULL, NULL, NULL, NULL),
(6915, 39, 206, NULL, NULL, NULL, NULL),
(6916, 39, 150, NULL, NULL, NULL, NULL),
(6917, 39, 210, NULL, NULL, NULL, NULL),
(6918, 39, 154, NULL, NULL, NULL, NULL),
(6919, 39, 214, NULL, NULL, NULL, NULL),
(6920, 39, 158, NULL, NULL, NULL, NULL),
(6921, 39, 218, NULL, NULL, NULL, NULL),
(6922, 39, 162, NULL, NULL, NULL, NULL),
(6923, 39, 222, NULL, NULL, NULL, NULL),
(6924, 39, 166, NULL, NULL, NULL, NULL),
(6925, 39, 226, NULL, NULL, NULL, NULL),
(6926, 39, 142, NULL, NULL, NULL, NULL),
(6927, 39, 230, NULL, NULL, NULL, NULL),
(6928, 39, 170, NULL, NULL, NULL, NULL),
(6929, 39, 234, NULL, NULL, NULL, NULL),
(6930, 39, 174, NULL, NULL, NULL, NULL),
(6931, 39, 238, NULL, NULL, NULL, NULL),
(6932, 39, 178, NULL, NULL, NULL, NULL),
(6933, 39, 242, NULL, NULL, NULL, NULL),
(6934, 39, 182, NULL, NULL, NULL, NULL),
(6935, 39, 246, NULL, NULL, NULL, NULL),
(6936, 39, 186, NULL, NULL, NULL, NULL),
(6937, 39, 250, NULL, NULL, NULL, NULL),
(6938, 39, 190, NULL, NULL, NULL, NULL),
(6939, 39, 254, NULL, NULL, NULL, NULL),
(6940, 39, 194, NULL, NULL, NULL, NULL),
(6941, 39, 258, NULL, NULL, NULL, NULL),
(6942, 39, 198, NULL, NULL, NULL, NULL),
(6943, 39, 262, NULL, NULL, NULL, NULL),
(6944, 39, 202, NULL, NULL, NULL, NULL),
(6945, 39, 266, NULL, NULL, NULL, NULL),
(6946, 39, 206, NULL, NULL, NULL, NULL),
(6947, 39, 270, NULL, NULL, NULL, NULL),
(6948, 39, 210, NULL, NULL, NULL, NULL),
(6949, 39, 274, NULL, NULL, NULL, NULL),
(6950, 39, 214, NULL, NULL, NULL, NULL),
(6951, 39, 278, NULL, NULL, NULL, NULL),
(6952, 39, 218, NULL, NULL, NULL, NULL),
(6953, 39, 282, NULL, NULL, NULL, NULL),
(6954, 39, 222, NULL, NULL, NULL, NULL),
(6955, 39, 226, NULL, NULL, NULL, NULL),
(6956, 39, 230, NULL, NULL, NULL, NULL),
(6957, 39, 234, NULL, NULL, NULL, NULL),
(6958, 39, 238, NULL, NULL, NULL, NULL),
(6959, 39, 242, NULL, NULL, NULL, NULL),
(6960, 39, 246, NULL, NULL, NULL, NULL),
(6961, 39, 250, NULL, NULL, NULL, NULL),
(6962, 39, 254, NULL, NULL, NULL, NULL),
(6963, 39, 258, NULL, NULL, NULL, NULL),
(6964, 39, 262, NULL, NULL, NULL, NULL),
(6965, 39, 266, NULL, NULL, NULL, NULL),
(6966, 39, 270, NULL, NULL, NULL, NULL),
(6967, 39, 274, NULL, NULL, NULL, NULL),
(6968, 39, 278, NULL, NULL, NULL, NULL),
(6969, 39, 282, NULL, NULL, NULL, NULL);

-- --------------------------------------------------------

--
-- Table structure for table `candidates`
--

DROP TABLE IF EXISTS `candidates`;
CREATE TABLE IF NOT EXISTS `candidates` (
  `id` int(10) UNSIGNED NOT NULL AUTO_INCREMENT,
  `Candidate_Name` varchar(191) COLLATE utf8mb4_unicode_ci NOT NULL,
  `province` text COLLATE utf8mb4_unicode_ci NOT NULL,
  `grade` text COLLATE utf8mb4_unicode_ci,
  `years` text COLLATE utf8mb4_unicode_ci NOT NULL,
  `ngo_id` int(10) UNSIGNED DEFAULT NULL,
  `profile` varchar(191) COLLATE utf8mb4_unicode_ci DEFAULT NULL,
  `select` text COLLATE utf8mb4_unicode_ci,
  `summary` text COLLATE utf8mb4_unicode_ci,
  `Fill_By` text COLLATE utf8mb4_unicode_ci,
  `gender` text COLLATE utf8mb4_unicode_ci,
  `motivation` text COLLATE utf8mb4_unicode_ci,
  `communication` text COLLATE utf8mb4_unicode_ci,
  `responsibility` text COLLATE utf8mb4_unicode_ci,
  `age` varchar(191) COLLATE utf8mb4_unicode_ci DEFAULT NULL,
  PRIMARY KEY (`id`),
  KEY `candidates_ngo_id_foreign` (`ngo_id`)
) ENGINE=InnoDB AUTO_INCREMENT=43 DEFAULT CHARSET=utf8mb4 COLLATE=utf8mb4_unicode_ci;

--
-- Dumping data for table `candidates`
--

INSERT INTO `candidates` (`id`, `Candidate_Name`, `province`, `grade`, `years`, `ngo_id`, `profile`, `select`, `summary`, `Fill_By`, `gender`, `motivation`, `communication`, `responsibility`, `age`) VALUES
(7, 'Sophana', 'Steng Treng', 'Fail', '2019', NULL, 'profile.PNG', 'No', 'inter comment here', '2019', 'Male', '/30', '/10', '/30', '20'),
(15, 'sophanna', 'Kratie', 'B', '2019', NULL, '20c8a99a085751bcd476e9b56c86d4d6.jpg', 'Yes', 'No comment', '2019', 'Female', '/30', '/10', '/30', '21'),
(19, 'PharimVONGasdf', 'Steng Treng', 'B', '2019', NULL, 'download.jpg', 'Yes', 'No comment', '2019', 'Male', '12/30', '4/10', '5/30', '21'),
(20, 'Sophana choung', 'Ratanak Kiri', 'B+', '2019', 7, 'download.jpg', 'Yes', 'This candidate comment', '2019', 'Male', '/30', '/10', '/30', '20'),
(23, 'Channak', 'none', 'A', '1', NULL, 'g.jpg', 'Yes', 'm', '1', 'Female', '/30', '/10', '/30', '1'),
(24, 'Channak CHHON', 'Battambang', 'A', '1', NULL, '', 'Yes', 'm', 'Information is filled by PNC employee', 'Female', '/30', '/10', '/30', '1'),
(27, 'Channak CHHON', 'Battambang', 'A', '1', NULL, '', 'Yes', 'm', 'Information is filled by PNC employee', 'Female', '/30', '/10', '/30', '1'),
(28, 'Channak CHHON', 'Battambang', 'A', '1', NULL, '', 'Yes', 'm', 'Information is filled by PNC employee', 'Female', '/30', '/10', '/30', '1'),
(29, 'Channak CHHON', 'none', 'A', '1', NULL, '', 'Yes', 'm', '1', 'Female', '/30', '/10', '/30', '1'),
(30, 'Channak CHHON', 'Battambang', 'A', '1', NULL, '', 'Yes', 'm', 'Information is filled by PNC employee', 'Female', '/30', '/10', '/30', '1'),
(31, 'Channak CHHON', 'Battambang', 'A', '1', NULL, '', 'Yes', 'm', 'Information is filled by PNC employee', 'Female', '/30', '/10', '/30', '1'),
(33, 'Channak CHHON', 'Battambang', 'A', '1', 2, '', 'Yes', 'm', 'Information is filled by PNC employee', 'Female', '/30', '/10', '/30', '1'),
(34, 'Norn sokny', 'Posat', 'Fail', '2018', NULL, 'sokny.jpg', 'No', 'top', '2018', 'Female', '/30', '/10', '/30', '20'),
(35, 'Laura', 'Posat', 'A', '923', 5, '', 'Yes', 'tfy', NULL, 'Male', '/30', '/10', '/30', '56'),
(36, 'First lesson', 'Tbong Kmom', 'A', '66786', 5, '', 'Yes', 'kguyg', NULL, 'Female', '/30', '/10', '/30', '54'),
(37, 'dtrdtr', 'Steng Treng', 'B', '46434', 7, '', 'Yes', 'hfh', 'Information is filled by PNC employee', 'Male', '/30', '/10', '/30', '67'),
(38, 'Norn Sokny', 'Posat', 'A', '2018', NULL, 's.jpg', 'Yes', 'New Student', NULL, 'Female', '/30', '/10', '/30', '20'),
(39, 'Borith', 'none', 'A', '2', 2, '2019-05-09.jpg', 'Yes', 'Battambang', '2', 'Male', '10/30', '3/10', '10/30', '20'),
(40, 'sokhorn.nhor', 'Kompong Cham', 'B', '2', NULL, '', 'Yes', 'This is a test', NULL, 'Female', '/30', '/10', '/30', '17'),
(41, 'samnang.hen', 'Kompong Thom', 'A', '1999', NULL, '', 'Yes', 'sfsad', NULL, 'Female', '/30', '/10', '/30', '20'),
(42, 'khamyoeung', 'Ratanak Kiri', 'B', '99', NULL, '', 'Yes', 'Hello all friend', NULL, 'Male', '/30', NULL, '/30', '20');

-- --------------------------------------------------------

--
-- Table structure for table `migrations`
--

DROP TABLE IF EXISTS `migrations`;
CREATE TABLE IF NOT EXISTS `migrations` (
  `id` int(10) UNSIGNED NOT NULL AUTO_INCREMENT,
  `migration` varchar(191) COLLATE utf8mb4_unicode_ci NOT NULL,
  `batch` int(11) NOT NULL,
  PRIMARY KEY (`id`)
) ENGINE=InnoDB AUTO_INCREMENT=20 DEFAULT CHARSET=utf8mb4 COLLATE=utf8mb4_unicode_ci;

--
-- Dumping data for table `migrations`
--

INSERT INTO `migrations` (`id`, `migration`, `batch`) VALUES
(1, '2018_10_18_074051_create_roles_table', 1),
(2, '2019_01_12_000000_create_users_table', 1),
(3, '2019_02_12_100000_create_password_resets_table', 1),
(4, '2019_04_27_071541_create_ngos_table', 1),
(5, '2019_04_27_071606_create_candidates_table', 1),
(6, '2019_04_28_005615_create_questions_table', 1),
(7, '2019_04_29_005043_create_answers_table', 1),
(8, '2019_04_29_005812_create_answer_candidate_table', 1),
(9, '2019_04_30_003911_add_profile_to_candidate_table', 1),
(10, '2019_04_30_010111_add_comment_to_question_table', 1),
(11, '2019_04_30_015634_add_commen_to_answer_candidate_table', 1),
(12, '2019_05_06_083313_add_select_to_candidate_table', 1),
(13, '2019_05_09_023323_add_gender_to_candidates_table', 1),
(14, '2019_05_09_025808_add_motivation_to_candidates_table', 1),
(15, '2019_05_09_025832_add_communication_to_candidates_table', 1),
(16, '2019_05_09_025901_add_responsibility_and_maturty_to_candidate', 1),
(17, '2019_05_09_075605_add_summary_to_answer_candidate_table', 1),
(18, '2019_05_10_033140_add_age_to_candidates_table', 1),
(19, '2019_05_21_000440_create_province_table', 1);

-- --------------------------------------------------------

--
-- Table structure for table `ngos`
--

DROP TABLE IF EXISTS `ngos`;
CREATE TABLE IF NOT EXISTS `ngos` (
  `id` int(10) UNSIGNED NOT NULL AUTO_INCREMENT,
  `name` varchar(191) COLLATE utf8mb4_unicode_ci NOT NULL,
  `created_at` timestamp NULL DEFAULT NULL,
  `updated_at` timestamp NULL DEFAULT NULL,
  PRIMARY KEY (`id`)
) ENGINE=InnoDB AUTO_INCREMENT=9 DEFAULT CHARSET=utf8mb4 COLLATE=utf8mb4_unicode_ci;

--
-- Dumping data for table `ngos`
--

INSERT INTO `ngos` (`id`, `name`, `created_at`, `updated_at`) VALUES
(2, 'AFS', '2019-05-26 17:53:39', '2019-05-26 17:53:39'),
(5, 'CWCC', '2019-05-26 20:09:31', '2019-05-26 20:09:31'),
(7, 'PSE', '2019-05-26 20:47:42', '2019-05-26 20:47:42'),
(8, 'KYA', '2019-05-29 23:23:42', '2019-05-29 23:23:42');

-- --------------------------------------------------------

--
-- Table structure for table `password_resets`
--

DROP TABLE IF EXISTS `password_resets`;
CREATE TABLE IF NOT EXISTS `password_resets` (
  `email` varchar(191) COLLATE utf8mb4_unicode_ci NOT NULL,
  `token` varchar(191) COLLATE utf8mb4_unicode_ci NOT NULL,
  `created_at` timestamp NULL DEFAULT NULL,
  KEY `password_resets_email_index` (`email`)
) ENGINE=InnoDB DEFAULT CHARSET=utf8mb4 COLLATE=utf8mb4_unicode_ci;

-- --------------------------------------------------------

--
-- Table structure for table `provinces`
--

DROP TABLE IF EXISTS `provinces`;
CREATE TABLE IF NOT EXISTS `provinces` (
  `id` int(10) UNSIGNED NOT NULL AUTO_INCREMENT,
  `province` varchar(191) COLLATE utf8mb4_unicode_ci NOT NULL,
  `created_at` timestamp NULL DEFAULT NULL,
  `updated_at` timestamp NULL DEFAULT NULL,
  PRIMARY KEY (`id`)
) ENGINE=InnoDB AUTO_INCREMENT=26 DEFAULT CHARSET=utf8mb4 COLLATE=utf8mb4_unicode_ci;

--
-- Dumping data for table `provinces`
--

INSERT INTO `provinces` (`id`, `province`, `created_at`, `updated_at`) VALUES
(1, 'Battambang', NULL, NULL),
(2, 'Kompot', NULL, NULL),
(3, 'Kep', NULL, NULL),
(4, 'Kompong Chnag', NULL, NULL),
(5, 'Posat', NULL, NULL),
(6, 'Pailen', NULL, NULL),
(7, 'Banteay MeanChey', NULL, NULL),
(8, 'Siem Reap', NULL, NULL),
(9, 'Prey Veng', NULL, NULL),
(11, 'Kompong Cham', NULL, NULL),
(12, 'Svay Reang', NULL, NULL),
(13, 'Takeo', NULL, NULL),
(14, 'Kandal', NULL, NULL),
(15, 'Kompong Speu', NULL, NULL),
(16, 'Kratie', NULL, NULL),
(17, 'Steng Treng', NULL, NULL),
(18, 'Mondol Kiri', NULL, NULL),
(19, 'Preah Vihea', NULL, NULL),
(20, 'Ratanak Kiri', NULL, NULL),
(21, 'Koh Kong', NULL, NULL),
(22, 'Oudor Meanchey', NULL, NULL),
(23, 'Preah Sey Hanuk', NULL, NULL),
(24, 'Tbong Kmom', NULL, NULL),
(25, 'Kompong Thom', NULL, NULL);

-- --------------------------------------------------------

--
-- Table structure for table `questions`
--

DROP TABLE IF EXISTS `questions`;
CREATE TABLE IF NOT EXISTS `questions` (
  `id` int(10) UNSIGNED NOT NULL AUTO_INCREMENT,
  `question` text COLLATE utf8mb4_unicode_ci NOT NULL,
  `created_at` timestamp NULL DEFAULT NULL,
  `updated_at` timestamp NULL DEFAULT NULL,
  `comment` text COLLATE utf8mb4_unicode_ci,
  PRIMARY KEY (`id`)
) ENGINE=InnoDB AUTO_INCREMENT=73 DEFAULT CHARSET=utf8mb4 COLLATE=utf8mb4_unicode_ci;

--
-- Dumping data for table `questions`
--

INSERT INTO `questions` (`id`, `question`, `created_at`, `updated_at`, `comment`) VALUES
(1, 'Other Scholarship ', '2019-03-15 20:00:00', '2019-03-10 20:00:00', NULL),
(2, 'Parent’s commitment ', '2019-03-15 20:00:00', '2019-03-15 20:00:00', NULL),
(3, 'PNC choice rank  ', '2019-03-15 20:00:00', '2019-03-24 20:00:00', NULL),
(4, 'Heath status ', '2019-03-15 20:00:00', '2019-03-16 20:00:00', NULL),
(5, 'Rank in class ', '2019-03-15 20:00:00', '2019-03-10 20:00:00', NULL),
(6, 'Extracurricular activity and achievement(link short courses or playing sports)', '2019-03-15 20:00:00', '2019-03-15 20:00:00', NULL),
(7, 'Parent’s age  ', '2019-03-15 20:00:00', '2019-03-24 20:00:00', NULL),
(8, 'Parent’s situation ', '2019-03-06 20:00:00', '2019-03-16 20:00:00', NULL),
(9, 'non quetion', '2019-04-15 20:00:00', '2019-04-23 20:00:00', NULL),
(10, 'Parent(s) job  ', '2019-04-08 20:00:00', '2019-04-10 20:00:00', NULL),
(11, 'If parent’s are teachers ', '2019-04-15 20:00:00', '2019-03-10 20:00:00', NULL),
(12, 'If parent(s) are police/ military/guards ', '2019-03-06 20:00:00', '2019-03-15 20:00:00', NULL),
(13, 'If parent(s) are civil servants (Nurse, Medicine, Doctor) ', '2019-03-06 20:00:00', '2019-03-19 20:00:00', NULL),
(14, 'If parent(s) are workers ', '2019-03-15 20:00:00', '2019-03-24 20:00:00', NULL),
(15, 'If parent(s) are farmers ', '2019-04-14 20:00:00', '2019-04-15 20:00:00', NULL),
(16, 'If parent(s) are fishermen ', '2019-04-14 20:00:00', '2019-03-19 20:00:00', NULL),
(17, 'If parent(s) are transportation service providers', '2019-04-14 20:00:00', '2019-03-10 20:00:00', NULL),
(18, 'Parents’ education ', '2019-03-15 20:00:00', '2019-03-08 20:00:00', NULL),
(19, 'Parents’ vice/ misbehavior ', '2019-03-15 20:00:00', '2019-03-16 20:00:00', NULL),
(20, 'Number of family member ', '2019-04-14 20:00:00', '2019-04-21 20:00:00', NULL),
(21, 'NGO support ', '2019-03-15 20:00:00', '2019-03-15 20:00:00', NULL),
(22, 'Number of dead children ', '2019-03-15 20:00:00', '2019-03-24 20:00:00', NULL),
(23, 'Reason(s) of death ', '2019-04-22 20:00:00', '2019-03-19 20:00:00', NULL),
(24, 'Children’s job  ', '2019-04-21 20:00:00', '2019-04-22 20:00:00', NULL),
(25, 'If children are teachers ', '2019-04-14 20:00:00', '2019-03-16 20:00:00', NULL),
(26, 'If children are police / military/ guards ', '2019-03-15 20:00:00', '2019-03-08 20:00:00', NULL),
(27, 'If children are civil servants (Nurse, Medicine , Doctor)  ', '2019-03-15 20:00:00', '2019-03-16 20:00:00', NULL),
(28, 'If children are workers', '2019-03-15 20:00:00', '2019-03-24 20:00:00', NULL),
(29, 'If children are fishermen ', '2019-03-15 20:00:00', '2019-03-08 20:00:00', NULL),
(30, 'If children are transportation service providers ', '2019-04-01 20:00:00', '2019-04-02 20:00:00', NULL),
(31, 'For adult members', '2019-04-22 20:00:00', '2019-04-23 20:00:00', NULL),
(32, 'For members of school age  ', '2019-04-26 20:00:00', '2019-04-21 20:00:00', NULL),
(33, 'Reading abilities ', '2019-03-15 20:00:00', '2019-03-19 20:00:00', NULL),
(34, 'Household monthly incomes ', '2019-04-01 20:00:00', '2019-04-02 20:00:00', NULL),
(35, 'Insurance and health services ', '2019-03-15 20:00:00', '2019-03-24 20:00:00', NULL),
(38, 'Hygiene', '2019-04-15 20:00:00', '2019-04-16 20:00:00', NULL),
(39, 'Sickness ', '2019-04-07 20:00:00', '2019-04-09 20:00:00', NULL),
(40, 'Medical problem(s)  ', '2019-03-15 20:00:00', '2019-03-10 20:00:00', NULL),
(41, 'Medicine', '2019-03-15 20:00:00', '2019-03-16 20:00:00', NULL),
(42, 'Handicap(s) ', '2019-04-07 20:00:00', '2019-04-08 20:00:00', NULL),
(43, 'Ownership ', '2019-04-21 20:00:00', '2019-04-22 20:00:00', NULL),
(44, 'House condition', '2019-04-15 20:00:00', '2019-04-16 20:00:00', NULL),
(45, 'Toilets ', '2019-03-15 20:00:00', '2019-03-10 20:00:00', NULL),
(46, 'Water and electricity  ', '2019-03-15 20:00:00', '2019-03-15 20:00:00', NULL),
(47, 'Furnitures and appliances  ', '2019-03-15 20:00:00', '2019-03-16 20:00:00', NULL),
(48, 'Car', '2019-04-15 20:00:00', '2019-03-19 20:00:00', NULL),
(49, 'Motorbike', '2019-04-14 20:00:00', '2019-04-15 20:00:00', NULL),
(50, 'Rice', '2019-03-15 20:00:00', '2019-03-24 20:00:00', NULL),
(51, 'Fruit / cane / corn / Potatoes / soya bean / mangoes / longan / orange trees ', '2019-03-15 20:00:00', '2019-03-10 20:00:00', NULL),
(52, 'Vegetable garden with cabbage/ cauliflower/    onion/tomatoes/eggplant/salad/cucumber/pumpkin ', '2019-03-15 20:00:00', '2019-03-16 20:00:00', NULL),
(53, 'Fisheries pond ', '2019-04-14 20:00:00', '2019-04-15 20:00:00', NULL),
(54, 'Cows/ buffaloes  ', '2019-04-12 20:00:00', '2019-04-13 20:00:00', NULL),
(55, 'Pigs', '2019-03-15 20:00:00', '2019-03-08 20:00:00', NULL),
(56, 'Chickens', '2019-04-02 20:00:00', '2019-04-03 20:00:00', NULL),
(58, 'Bank or Microfinance', '2019-04-14 20:00:00', '2019-04-22 20:00:00', NULL),
(59, 'Other', '2019-04-02 20:00:00', '2019-04-03 20:00:00', NULL),
(60, 'Monthly expenses per person', '2019-03-15 20:00:00', '2019-03-08 20:00:00', NULL),
(61, 'Food expenses', '2019-04-22 20:00:00', '2019-04-23 20:00:00', NULL),
(62, 'Own rice to eat', '2019-04-14 20:00:00', '2019-04-16 20:00:00', NULL),
(63, 'Rice to buy', '2019-03-15 20:00:00', '2019-03-10 20:00:00', NULL),
(64, 'Electricity and water', '2019-03-15 20:00:00', '2019-03-24 20:00:00', NULL),
(65, 'Phone cards', '2019-04-14 20:00:00', '2019-03-15 20:00:00', NULL),
(66, 'Transportation/ gasoline', '2019-04-01 20:00:00', '2019-04-02 20:00:00', NULL),
(67, 'School, extra classes fees and allowance for children', '2019-03-15 20:00:00', '2019-03-16 20:00:00', NULL),
(68, 'Medicine and hospitalization', '2019-04-26 20:00:00', '2019-04-27 20:00:00', NULL),
(69, 'Production material like feeds, fertilizer, tool and equipment', '2019-03-15 20:00:00', '2019-03-16 20:00:00', NULL),
(70, 'Alcohol and cigarettes', '2019-03-15 20:00:00', '2019-03-08 20:00:00', NULL),
(71, 'Wedding, ceremony and other celebrations  ', '2019-03-15 20:00:00', '2019-03-24 20:00:00', NULL),
(72, 'Holding poverty card ', '2019-03-15 20:00:00', '2019-03-16 20:00:00', NULL);

-- --------------------------------------------------------

--
-- Table structure for table `roles`
--

DROP TABLE IF EXISTS `roles`;
CREATE TABLE IF NOT EXISTS `roles` (
  `id` int(10) UNSIGNED NOT NULL AUTO_INCREMENT,
  `name` varchar(191) COLLATE utf8mb4_unicode_ci NOT NULL,
  `created_at` timestamp NULL DEFAULT NULL,
  `updated_at` timestamp NULL DEFAULT NULL,
  PRIMARY KEY (`id`)
) ENGINE=InnoDB AUTO_INCREMENT=3 DEFAULT CHARSET=utf8mb4 COLLATE=utf8mb4_unicode_ci;

--
-- Dumping data for table `roles`
--

INSERT INTO `roles` (`id`, `name`, `created_at`, `updated_at`) VALUES
(1, 'Admin', NULL, NULL),
(2, 'Normal', NULL, NULL);

-- --------------------------------------------------------

--
-- Table structure for table `users`
--

DROP TABLE IF EXISTS `users`;
CREATE TABLE IF NOT EXISTS `users` (
  `id` int(10) UNSIGNED NOT NULL AUTO_INCREMENT,
  `firstname` varchar(191) COLLATE utf8mb4_unicode_ci NOT NULL,
  `lastname` varchar(191) COLLATE utf8mb4_unicode_ci NOT NULL,
  `email` varchar(191) COLLATE utf8mb4_unicode_ci NOT NULL,
  `role_id` int(10) UNSIGNED NOT NULL,
  `email_verified_at` timestamp NULL DEFAULT NULL,
  `password` varchar(191) COLLATE utf8mb4_unicode_ci NOT NULL,
  `remember_token` varchar(100) COLLATE utf8mb4_unicode_ci DEFAULT NULL,
  `created_at` timestamp NULL DEFAULT NULL,
  `updated_at` timestamp NULL DEFAULT NULL,
  PRIMARY KEY (`id`),
  UNIQUE KEY `users_email_unique` (`email`),
  KEY `users_role_id_foreign` (`role_id`)
) ENGINE=InnoDB AUTO_INCREMENT=13 DEFAULT CHARSET=utf8mb4 COLLATE=utf8mb4_unicode_ci;

--
-- Dumping data for table `users`
--

INSERT INTO `users` (`id`, `firstname`, `lastname`, `email`, `role_id`, `email_verified_at`, `password`, `remember_token`, `created_at`, `updated_at`) VALUES
(1, 'Admin', 'Adminn', 'manager@example.com', 1, NULL, '$2y$10$Y28HLMWJNkX8aAIHnPrc8OKAlCar2HMKVSEeQuElBGJjd3zwh1iia', '26KWFCdEtDpd4IB9NrKAfZ4qS0rv5mtcwqem6KP5C0T4OtUZKqgR6Xvgc5iR', NULL, '2019-07-12 02:12:17'),
(2, 'vong', 'Pharim', 'vongpharim@gmail.com', 2, NULL, '$2y$10$DqxV8HPmoAOp1Fm1CVN0quxS41TBFoGAcxXAcfNhafGRgYLcGMcQS', 'sG6q5TkvLaXbnpronzZAiJU8agA6EDGmMpzda59P8puMfygwfyc29pCNgvf7', '2019-05-23 01:29:55', '2019-05-23 01:29:55'),
(9, 'John', 'docker', 'user@example.com', 2, NULL, '$2y$10$TqhsC3/M9o25ljOfk7AqnuQ0ZAHg79kYvSig0NImDtB1BBgLMUsn6', NULL, '2019-05-23 18:43:54', '2019-05-23 18:43:54'),
(10, 'sophanna', 'chuong', 'sophanna.chuong@gmail.com', 2, NULL, '$2y$10$0brNefwhoAamuQZ6CgugcebvwNsCYcQnkrMMPR9bc4NAbWGfxCk72', NULL, '2019-05-23 19:00:09', '2019-05-23 19:00:09'),
(11, 'Laura', 'Hennequin', 'laura.hennequin@gmail.com', 2, NULL, '$2y$10$f6xZ6zEvKKEQ9mA/cqP4mueHBfVVDvtofy2woDmDQXaTzfLX.8M4i', 'Y19fDXctkX39mrf6MRDgG0dOlV1uRsKQ7UAfQRhcoLqg4ke4m8Kf4BV862UZ', '2019-05-23 21:07:44', '2019-05-23 21:07:44'),
(12, 'sokny', 'NORN', 'sokny.norn@student.passerellesnumeriques.org', 2, NULL, '$2y$10$15AeRwp18.FfoJ7486TqwuUeMYi9VbUmsrZJ7HV5D5Y/YOrBAZl.y', NULL, '2019-08-22 20:48:14', '2019-08-22 20:48:14');

--
-- Constraints for dumped tables
--

--
-- Constraints for table `answers`
--
ALTER TABLE `answers`
  ADD CONSTRAINT `answers_question_id_foreign` FOREIGN KEY (`Question_id`) REFERENCES `questions` (`id`) ON DELETE CASCADE;

--
-- Constraints for table `answer_candidate`
--
ALTER TABLE `answer_candidate`
  ADD CONSTRAINT `answer_candidate_answer_id_foreign` FOREIGN KEY (`answer_id`) REFERENCES `answers` (`id`) ON DELETE CASCADE,
  ADD CONSTRAINT `answer_candidate_candidate_id_foreign` FOREIGN KEY (`candidate_id`) REFERENCES `candidates` (`id`) ON DELETE CASCADE;

--
-- Constraints for table `candidates`
--
ALTER TABLE `candidates`
  ADD CONSTRAINT `candidates_ngo_id_foreign` FOREIGN KEY (`ngo_id`) REFERENCES `ngos` (`id`) ON DELETE SET NULL;

--
-- Constraints for table `users`
--
ALTER TABLE `users`
  ADD CONSTRAINT `users_role_id_foreign` FOREIGN KEY (`role_id`) REFERENCES `roles` (`id`) ON DELETE CASCADE;
COMMIT;

/*!40101 SET CHARACTER_SET_CLIENT=@OLD_CHARACTER_SET_CLIENT */;
/*!40101 SET CHARACTER_SET_RESULTS=@OLD_CHARACTER_SET_RESULTS */;
/*!40101 SET COLLATION_CONNECTION=@OLD_COLLATION_CONNECTION */;
